Seq,UTC Date,Kurukshetra adjusted Date,Julian Days,year,month,day,hour,min,sec,seperation angle
1,-5000-10-07T03:38:09Z,-5000-10-07T09:08:09Z,-104912.348,-5000,10,7,3,38,8.783313241,0.371306403
2,-4967-01-10T03:01:43Z,-4967-01-10T08:31:43Z,-93129.37331,-4967,1,10,3,1,43.48651498,0.42953607
3,-4946-11-09T03:46:35Z,-4946-11-09T09:16:35Z,-85156.34217,-4946,11,9,3,46,34.68650487,0.376383919
4,-4921-01-12T10:41:04Z,-4921-01-12T16:11:04Z,-76326.05433,-4921,1,12,10,41,3.604326546,0.327492307
5,-4914-02-22T10:43:36Z,-4914-02-22T16:13:36Z,-73728.05257,-4914,2,22,10,43,35.88739213,0.394092104
6,-4892-12-11T03:23:24Z,-4892-12-11T08:53:24Z,-65400.35826,-4892,12,11,3,23,23.92807326,0.467396608
7,-4879-09-20T09:27:29Z,-4879-09-20T14:57:29Z,-60734.10543,-4879,9,20,9,27,28.72276552,0.190830139
8,-4874-01-02T10:51:47Z,-4874-01-02T16:21:47Z,-59169.04688,-4874,1,2,10,51,47.34797262,0.169210268
9,-4867-02-13T09:52:18Z,-4867-02-13T15:22:18Z,-56570.08819,-4867,2,13,9,52,18.46761896,0.36034325
10,-4829-08-09T08:57:28Z,-4829-08-09T14:27:28Z,-42514.12627,-4829,8,9,8,57,27.83887602,0.478113975
11,-4825-10-23T10:30:10Z,-4825-10-23T16:00:10Z,-40978.0619,-4825,10,23,10,30,9.705487615,0.320772177
12,-4798-11-23T07:07:57Z,-4798-11-23T12:37:57Z,-31085.20232,-4798,11,23,7,7,56.98728195,0.425550475
13,-4794-09-10T09:56:38Z,-4794-09-10T15:26:38Z,-29698.08518,-4794,9,10,9,56,38.02614088,0.340289792
14,-4785-09-01T08:50:33Z,-4785-09-01T14:20:33Z,-26420.13107,-4785,9,1,8,50,33.39587121,0.200183158
15,-4775-09-10T10:32:01Z,-4775-09-10T16:02:01Z,-22758.06061,-4775,9,10,10,32,1.021393023,0.474729116
16,-4763-06-30T09:55:49Z,-4763-06-30T15:25:49Z,-18447.08576,-4763,6,30,9,55,48.53543794,0.262907717
17,-4744-12-25T07:15:43Z,-4744-12-25T12:45:43Z,-11329.19693,-4744,12,25,7,15,43.04005229,0.492103483
18,-4735-07-20T08:52:16Z,-4735-07-20T14:22:16Z,-8200.129887,-4735,7,20,8,52,15.54852322,0.339351289
19,-4709-08-02T07:24:20Z,-4709-08-02T12:54:20Z,1308.809051,-4709,8,2,7,24,19.84642502,0.497966836
20,-4704-11-03T06:08:53Z,-4704-11-03T11:38:53Z,3228.756653,-4704,11,3,6,8,52.59677115,0.4737097
21,-4696-06-10T10:07:24Z,-4696-06-10T15:37:24Z,6004.922289,-4696,6,10,10,7,23.54578112,0.214448507
22,-4693-04-09T08:52:05Z,-4693-04-09T14:22:05Z,7037.869987,-4693,4,9,8,52,4.70882659,0.302368015
23,-4687-06-01T08:15:26Z,-4687-06-01T13:45:26Z,9282.844541,-4687,6,1,8,15,26.16406124,0.440856748
24,-4681-08-22T08:21:54Z,-4681-08-22T13:51:54Z,11555.84902,-4681,8,22,8,21,53.52485198,0.17863055
25,-4669-12-06T08:55:08Z,-4669-12-06T14:25:08Z,16044.87211,-4669,12,6,8,55,7.963301201,0.495248367
26,-4661-01-17T09:22:28Z,-4661-01-17T14:52:28Z,18643.8911,-4661,1,17,9,22,28.43074648,0.210286593
27,-4656-04-19T10:50:23Z,-4656-04-19T16:20:23Z,20562.95215,-4656,4,19,10,50,23.23027452,0.241957481
28,-4655-09-03T06:32:43Z,-4655-09-03T12:02:43Z,21064.77321,-4655,9,3,6,32,43.07087818,0.455617666
29,-4650-12-06T08:26:50Z,-4650-12-06T13:56:50Z,22984.85246,-4650,12,6,8,26,49.9716083,0.173496944
30,-4647-04-10T10:39:23Z,-4647-04-10T16:09:23Z,23840.94451,-4647,4,10,10,39,23.38597618,0.250588291
31,-4642-07-13T08:09:23Z,-4642-07-13T13:39:23Z,25760.84034,-4642,7,13,8,9,23.14043765,0.425338859
32,-4632-06-22T09:37:29Z,-4632-06-22T15:07:29Z,29392.90151,-4632,6,22,9,37,28.50110302,0.421501651
33,-4622-11-27T06:55:14Z,-4622-11-27T12:25:14Z,33202.78884,-4622,11,27,6,55,13.8127049,0.205991887
34,-4618-09-14T06:39:16Z,-4618-09-14T12:09:16Z,34589.77776,-4618,9,14,6,39,15.92666322,0.338951316
35,-4617-03-11T09:17:54Z,-4617-03-11T14:47:54Z,34767.88792,-4617,3,11,9,17,54.18875524,0.087289264
36,-4606-02-07T08:49:54Z,-4606-02-07T14:19:54Z,38753.86847,-4606,2,7,8,49,53.92268364,0.378740607
37,-4602-05-22T08:31:01Z,-4602-05-22T14:01:01Z,40318.85536,-4602,5,22,8,31,0.603644117,0.205349496
38,-4601-10-06T06:57:45Z,-4601-10-06T12:27:45Z,40820.7906,-4601,10,6,6,57,45.41091513,0.49104175
39,-4595-01-07T09:43:34Z,-4595-01-07T15:13:34Z,42740.90574,-4595,1,7,9,43,34.15641198,0.463836993
40,-4593-05-13T08:28:39Z,-4593-05-13T13:58:39Z,43596.85372,-4593,5,13,8,28,38.82658987,0.295203392
41,-4583-05-22T09:07:31Z,-4583-05-22T14:37:31Z,47258.88071,-4583,5,22,9,7,31.12943547,0.425751645
42,-4578-07-25T06:17:23Z,-4578-07-25T11:47:23Z,49148.76256,-4578,7,25,6,17,22.67356396,0.385035611
43,-4574-05-13T09:13:58Z,-4574-05-13T14:43:58Z,50536.88518,-4574,5,13,9,13,57.6151585,0.484087645
44,-4568-12-29T07:56:36Z,-4568-12-29T13:26:36Z,52958.83146,-4568,12,29,7,56,35.96260549,0.198915818
45,-4564-10-16T08:34:25Z,-4564-10-16T14:04:25Z,54345.85772,-4564,10,16,8,34,24.7483645,0.392923319
46,-4541-02-09T09:44:36Z,-4541-02-09T15:14:36Z,62496.90646,-4541,2,9,9,44,36.12042725,0.437408934
47,-4539-06-14T06:50:29Z,-4539-06-14T12:20:29Z,63352.78555,-4539,6,14,6,50,29.24754778,0.470445445
48,-4535-04-02T07:24:05Z,-4535-04-02T12:54:05Z,64740.80888,-4535,4,2,7,24,5.102884294,0.46083475
49,-4534-09-16T07:28:23Z,-4534-09-16T12:58:23Z,65272.81187,-4534,9,16,7,28,22.99102734,0.480157523
50,-4530-01-09T07:38:44Z,-4530-01-09T13:08:44Z,66483.81905,-4530,1,9,7,38,44.09620802,0.429641599
51,-4529-06-24T07:41:48Z,-4529-06-24T13:11:48Z,67014.82119,-4529,6,24,7,41,48.35204325,0.159400088
52,-4524-08-26T04:20:59Z,-4524-08-26T09:50:59Z,68904.68173,-4524,8,26,4,20,59.28899073,0.43415452
53,-4520-06-14T07:24:00Z,-4520-06-14T12:54:00Z,70292.80883,-4520,6,14,7,24,0.311969072,0.347132411
54,-4520-12-08T04:26:33Z,-4520-12-08T09:56:33Z,70469.68559,-4520,12,8,4,26,32.52122068,0.430921161
55,-4513-01-31T07:29:08Z,-4513-01-31T12:59:08Z,72714.81239,-4513,1,31,7,29,8.222336266,0.318813142
56,-4490-05-14T06:22:37Z,-4490-05-14T11:52:37Z,81218.7662,-4490,5,14,6,22,37.4998864,0.27745397
57,-4487-03-13T08:32:49Z,-4487-03-13T14:02:49Z,82252.85661,-4487,3,13,8,32,49.29182131,0.372610375
58,-4485-07-17T06:13:53Z,-4485-07-17T11:43:53Z,83108.76013,-4485,7,17,6,13,53.14441103,0.44171627
59,-4480-04-23T08:55:20Z,-4480-04-23T14:25:20Z,84850.87225,-4480,4,23,8,55,20.32559286,0.43170438
60,-4476-02-11T05:11:31Z,-4476-02-11T10:41:31Z,86239.71682,-4476,2,11,5,11,31.4060927,0.452454441
61,-4475-07-26T07:17:23Z,-4475-07-26T12:47:23Z,86770.80422,-4475,7,26,7,17,22.60764867,0.159059501
62,-4474-12-10T03:50:43Z,-4474-12-10T09:20:43Z,87272.66071,-4474,12,10,3,50,42.73002595,0.4442387
63,-4470-09-28T03:39:40Z,-4470-09-28T09:09:40Z,88660.65304,-4470,9,28,3,39,40.26186428,0.344391033
64,-4466-07-17T06:26:41Z,-4466-07-17T11:56:41Z,90048.76901,-4466,7,17,6,26,40.59468783,0.252061798
65,-4463-05-15T08:40:18Z,-4463-05-15T14:10:18Z,91081.86181,-4463,5,15,8,40,18.13409482,0.424101515
66,-4435-06-04T07:29:11Z,-4435-06-04T12:59:11Z,101328.8124,-4435,6,4,7,29,11.37873134,0.183177052
67,-4426-05-26T05:41:39Z,-4426-05-26T11:11:39Z,104606.7377,-4426,5,26,5,41,39.0373122,0.290389318
68,-4419-01-11T04:43:20Z,-4419-01-11T10:13:20Z,107028.6972,-4419,1,11,4,43,20.15986101,0.458285775
69,-4416-10-30T03:37:02Z,-4416-10-30T09:07:02Z,108416.6512,-4416,10,30,3,37,1.914414223,0.232599747
70,-4412-08-18T06:37:05Z,-4412-08-18T12:07:05Z,109804.7762,-4412,8,18,6,37,5.306194508,0.289348731
71,-4404-03-25T07:36:49Z,-4404-03-25T13:06:49Z,112580.8177,-4404,3,25,7,36,49.44304168,0.350709552
72,-4400-01-12T05:13:20Z,-4400-01-12T10:43:20Z,113968.7181,-4400,1,12,5,13,19.85960447,0.311512625
73,-4387-04-16T08:59:32Z,-4387-04-16T14:29:32Z,118811.8752,-4387,4,16,8,59,32.20481029,0.457730376
74,-4381-07-07T05:10:46Z,-4381-07-07T10:40:46Z,121084.7163,-4381,7,7,5,10,46.43237516,0.161956798
75,-4362-12-02T03:21:17Z,-4362-12-02T08:51:17Z,128172.6403,-4362,12,2,3,21,17.43990147,0.332906118
76,-4361-11-21T05:15:26Z,-4361-11-21T10:45:26Z,128526.7195,-4361,11,21,5,15,26.37766572,0.362106031
77,-4359-05-06T06:34:19Z,-4359-05-06T12:04:19Z,129058.7743,-4359,5,6,6,34,19.40073249,0.452945911
78,-4346-02-13T05:07:03Z,-4346-02-13T10:37:03Z,133724.7137,-4346,2,13,5,7,3.057279177,0.165085013
79,-4332-05-07T08:35:17Z,-4332-05-07T14:05:17Z,138921.8583,-4332,5,7,8,35,16.53990364,0.489227721
80,-4331-10-21T03:21:17Z,-4331-10-21T08:51:17Z,139453.6403,-4331,10,21,3,21,16.82169043,0.148641409
81,-4327-08-08T04:24:20Z,-4327-08-08T09:54:20Z,140840.684,-4327,8,8,4,24,19.70954541,0.205977202
82,-4317-01-24T07:15:02Z,-4317-01-24T12:45:02Z,144296.8026,-4317,1,24,7,15,2.267837059,0.43293597
83,-4307-12-23T05:29:20Z,-4307-12-23T10:59:20Z,148282.7292,-4307,12,23,5,29,20.22168696,0.236308922
84,-4296-11-22T06:13:10Z,-4296-11-22T11:43:10Z,152269.7596,-4296,11,22,6,13,10.48011694,0.487166383
85,-4292-03-17T03:47:32Z,-4292-03-17T09:17:32Z,153480.6585,-4292,3,17,3,47,31.63038606,0.309596849
86,-4287-06-18T08:11:42Z,-4287-06-18T13:41:42Z,155399.842,-4287,6,18,8,11,42.40047332,0.494245295
87,-4278-06-09T03:28:41Z,-4278-06-09T08:58:41Z,158677.6454,-4278,6,9,3,28,40.50648965,0.336564765
88,-4273-09-10T05:09:51Z,-4273-09-10T10:39:51Z,160596.7157,-4273,9,10,5,9,51.29408039,0.371074628
89,-4264-08-31T03:18:35Z,-4264-08-31T08:48:35Z,163874.6384,-4264,8,31,3,18,35.30912602,0.067552107
90,-4263-02-25T03:52:54Z,-4263-02-25T09:22:54Z,164052.6622,-4263,2,25,3,52,53.64873346,0.259434946
91,-4262-02-14T04:17:28Z,-4262-02-14T09:47:28Z,164406.6793,-4262,2,14,4,17,27.87144782,0.483117262
92,-4252-01-25T04:38:39Z,-4252-01-25T10:08:39Z,168038.694,-4252,1,25,4,38,38.93861052,0.075044838
93,-4233-07-21T04:29:27Z,-4233-07-21T09:59:27Z,175155.6876,-4233,7,21,4,29,27.32409345,0.198673202
94,-4232-07-09T04:48:39Z,-4232-07-09T10:18:39Z,175509.7009,-4232,7,9,4,48,38.57975554,0.490311529
95,-4190-03-29T06:17:32Z,-4190-03-29T11:47:32Z,190747.7627,-4190,3,29,6,17,31.9183388,0.37741389
96,-4166-06-01T06:28:30Z,-4166-06-01T11:58:30Z,199577.7703,-4166,6,1,6,28,29.94523633,0.448020233
97,-4152-08-23T04:01:28Z,-4152-08-23T09:31:28Z,204774.6682,-4152,8,23,4,1,28.28001469,0.43940685
98,-4114-02-28T04:42:35Z,-4114-02-28T10:12:35Z,218477.6967,-4114,2,28,4,42,34.83812559,0.339831694
99,-4112-07-03T04:38:06Z,-4112-07-03T10:08:06Z,219333.6936,-4112,7,3,4,38,6.332938448,0.349687712
100,-4081-05-22T05:09:48Z,-4081-05-22T10:39:48Z,230613.7156,-4081,5,22,5,9,47.65617264,0.382037407
101,-4072-05-12T04:09:06Z,-4072-05-12T09:39:06Z,233891.6735,-4072,5,12,4,9,5.805525407,0.183445794
102,-4047-12-29T03:33:53Z,-4047-12-29T09:03:53Z,243253.649,-4047,12,29,3,33,52.85222054,0.394985634
103,-4020-02-09T03:52:39Z,-4020-02-09T09:22:39Z,252791.6621,-4020,2,9,3,52,38.98256628,0.428617976
104,-3960-05-04T09:09:35Z,-3960-05-04T14:39:35Z,274791.8821,-3960,5,4,9,9,34.78232794,0.458971006
105,-3938-03-04T03:03:34Z,-3938-03-04T08:33:34Z,282765.628,-3938,3,4,3,3,33.58596683,0.355536683
106,-3932-05-24T03:32:32Z,-3932-05-24T09:02:32Z,285038.6481,-3932,5,24,3,32,31.65380761,0.492322267
107,-3929-03-24T10:53:13Z,-3929-03-24T16:23:13Z,286072.9541,-3929,3,24,10,53,13.18348132,0.199158169
108,-3920-03-14T10:29:06Z,-3920-03-14T15:59:06Z,289350.9374,-3920,3,14,10,29,6.158424206,0.378207188
109,-3901-09-07T10:38:36Z,-3901-09-07T16:08:36Z,296466.944,-3901,9,7,10,38,36.40173532,0.472602139
110,-3875-04-25T08:38:45Z,-3875-04-25T14:08:45Z,305828.8607,-3875,4,25,8,38,45.17543714,0.464083259
111,-3866-04-16T08:06:29Z,-3866-04-16T13:36:29Z,309106.8383,-3866,4,16,8,6,28.94642014,0.482911441
112,-3835-03-04T09:16:37Z,-3835-03-04T14:46:37Z,320386.887,-3835,3,4,9,16,36.70173526,0.354073428
113,-3833-07-08T10:20:21Z,-3833-07-08T15:50:21Z,321242.9313,-3833,7,8,10,20,21.39094267,0.470079428
114,-3789-08-30T09:38:30Z,-3789-08-30T15:08:30Z,337366.9022,-3789,8,30,9,38,30.19917224,0.388780468
115,-3757-06-09T09:58:15Z,-3757-06-09T15:28:15Z,348972.9159,-3757,6,9,9,58,14.96998396,0.21954125
116,-3695-08-11T10:38:10Z,-3695-08-11T16:08:10Z,371681.9437,-3695,8,11,10,38,9.871070534,0.161910924
117,-3687-03-18T07:15:45Z,-3687-03-18T12:45:45Z,374457.8031,-3687,3,18,7,15,45.18907629,0.388723782
118,-3683-01-04T11:00:00Z,-3683-01-04T16:30:00Z,375845.9588,-3683,1,4,10,59,59.81115907,0.081666325
119,-3675-12-26T09:43:40Z,-3675-12-26T15:13:40Z,379123.9058,-3675,12,26,9,43,40.10165043,0.283142933
120,-3671-10-13T10:19:44Z,-3671-10-13T15:49:44Z,380510.9309,-3671,10,13,10,19,44.482201,0.37329699
121,-3660-03-19T08:54:35Z,-3660-03-19T14:24:35Z,384320.8717,-3660,3,19,8,54,35.20380355,0.200770468
122,-3655-06-20T08:58:39Z,-3655-06-20T14:28:39Z,386239.8746,-3655,6,20,8,58,39.17589102,0.218540183
123,-3641-09-13T10:53:53Z,-3641-09-13T16:23:53Z,391437.9546,-3641,9,13,10,53,53.42212848,0.418103804
124,-3630-08-12T10:37:55Z,-3630-08-12T16:07:55Z,395423.9435,-3630,8,12,10,37,54.92496371,0.174564996
125,-3627-06-11T09:21:26Z,-3627-06-11T14:51:26Z,396457.8904,-3627,6,11,9,21,25.50445866,0.424717412
126,-3620-01-28T10:09:44Z,-3620-01-28T15:39:44Z,398879.9239,-3620,1,28,10,9,43.52425061,0.172649186
127,-3615-04-30T08:14:05Z,-3615-04-30T13:44:05Z,400798.8436,-3615,4,30,8,14,4.875133038,0.221178107
128,-3608-06-11T07:53:40Z,-3608-06-11T13:23:40Z,403397.8294,-3608,6,11,7,53,40.40643264,0.424090254
129,-3605-04-10T07:21:55Z,-3605-04-10T12:51:55Z,404430.8074,-3605,4,10,7,21,55.0521677,0.355228543
130,-3601-07-23T08:04:36Z,-3601-07-23T13:34:36Z,405995.837,-3601,7,23,8,4,36.32674836,0.379668113
131,-3590-12-16T07:44:08Z,-3590-12-16T13:14:08Z,410159.8228,-3590,12,16,7,44,8.19618389,0.492622455
132,-3582-07-23T08:40:28Z,-3582-07-23T14:10:28Z,412935.8619,-3582,7,23,8,40,28.10223252,0.460615296
133,-3576-09-13T09:23:22Z,-3576-09-13T14:53:22Z,415179.8917,-3576,9,13,9,23,22.49506831,0.057161359
134,-3575-03-10T10:08:58Z,-3575-03-10T15:38:58Z,415357.9234,-3575,3,10,10,8,58.12919408,0.388577612
135,-3566-03-01T09:07:15Z,-3566-03-01T14:37:15Z,418635.8805,-3566,3,1,9,7,15.20473056,0.191052955
136,-3560-05-21T06:00:05Z,-3560-05-21T11:30:05Z,420908.7505,-3560,5,21,6,0,4.651191831,0.454655356
137,-3550-10-26T07:53:44Z,-3550-10-26T13:23:44Z,424718.8295,-3550,10,26,7,53,43.63973334,0.434759176
138,-3547-08-24T08:33:09Z,-3547-08-24T14:03:09Z,425751.8568,-3547,8,24,8,33,8.717802241,0.407073305
139,-3543-06-12T09:18:21Z,-3543-06-12T14:48:21Z,427139.8882,-3543,6,12,9,18,21.429235,0.271431103
140,-3535-01-17T08:06:19Z,-3535-01-17T13:36:19Z,429915.8382,-3535,1,17,8,6,18.60641386,0.283280126
141,-3529-03-12T08:04:57Z,-3529-03-12T13:34:57Z,432160.8373,-3529,3,12,8,4,57.15097155,0.455961637
142,-3528-08-24T09:11:55Z,-3528-08-24T14:41:55Z,432691.8838,-3528,8,24,9,11,55.15023988,0.266232443
143,-3523-10-27T09:56:03Z,-3523-10-27T15:26:03Z,434581.9144,-3523,10,27,9,56,2.551772408,0.303236523
144,-3522-10-16T09:22:56Z,-3522-10-16T14:52:56Z,434935.8914,-3522,10,16,9,22,55.61380193,0.226986613
145,-3521-04-12T07:53:31Z,-3521-04-12T13:23:31Z,435113.8293,-3521,4,12,7,53,31.23559121,0.269763869
146,-3512-04-02T06:43:58Z,-3512-04-02T12:13:58Z,438391.781,-3512,4,2,6,43,58.31000067,0.382158452
147,-3496-11-27T07:56:45Z,-3496-11-27T13:26:45Z,444474.8316,-3496,11,27,7,56,44.51735314,0.280555183
148,-3488-07-03T09:29:54Z,-3488-07-03T14:59:54Z,447249.8963,-3488,7,3,9,29,54.39072479,0.486284381
149,-3484-04-22T07:14:01Z,-3484-04-22T12:44:01Z,448638.8019,-3484,4,22,7,14,0.679836273,0.407676332
150,-3481-02-19T07:20:51Z,-3481-02-19T12:50:51Z,449671.8066,-3481,2,19,7,20,50.92444271,0.353991187
151,-3474-09-26T10:51:25Z,-3474-09-26T16:21:25Z,452447.9529,-3474,9,26,10,51,24.77386516,0.403613009
152,-3472-02-10T06:19:12Z,-3472-02-10T11:49:12Z,452949.7638,-3472,2,10,6,19,11.64879262,0.34364481
153,-3469-11-29T09:49:39Z,-3469-11-29T15:19:39Z,454337.91,-3469,11,29,9,49,39.01216596,0.209991228
154,-3468-11-17T09:52:33Z,-3468-11-17T15:22:33Z,454691.912,-3468,11,17,9,52,33.1965863,0.470183923
155,-3462-02-19T06:44:34Z,-3462-02-19T12:14:34Z,456611.7814,-3462,2,19,6,44,34.04136993,0.357328429
156,-3442-12-30T07:10:29Z,-3442-12-30T12:40:29Z,464230.7994,-3442,12,30,7,10,28.91947813,0.297041375
157,-3434-08-05T07:47:31Z,-3434-08-05T13:17:31Z,467005.8252,-3434,8,5,7,47,30.78934673,0.214585401
158,-3418-03-14T05:09:33Z,-3418-03-14T10:39:33Z,472705.7155,-3418,3,14,5,9,32.87891172,0.429546829
159,-3408-03-23T05:38:42Z,-3408-03-23T11:08:42Z,476367.7357,-3408,3,23,5,38,41.94064278,0.271988312
160,-3403-05-26T05:10:32Z,-3403-05-26T10:40:32Z,478257.7161,-3403,5,26,5,10,31.70791268,0.457272649
161,-3402-05-15T05:58:37Z,-3402-05-15T11:28:37Z,478611.7495,-3402,5,15,5,58,36.73068199,0.374440006
162,-3401-10-29T09:26:53Z,-3401-10-29T14:56:53Z,479143.8942,-3401,10,29,9,26,52.60047667,0.485530213
163,-3399-03-14T05:45:05Z,-3399-03-14T11:15:05Z,479645.7401,-3399,3,14,5,45,5.335636251,0.431663933
164,-3386-01-20T05:49:32Z,-3386-01-20T11:19:32Z,484340.7432,-3386,1,20,5,49,32.14399595,0.483166227
165,-3384-11-19T06:50:37Z,-3384-11-19T12:20:37Z,485374.7856,-3384,11,19,6,50,36.80314198,0.373215602
166,-3380-09-06T07:42:38Z,-3380-09-06T13:12:38Z,486761.8218,-3380,9,6,7,42,37.6826334,0.006480704
167,-3360-02-02T06:47:02Z,-3360-02-02T12:17:02Z,493849.7831,-3360,2,2,6,47,1.788732894,0.279811596
168,-3358-07-07T05:06:49Z,-3358-07-07T10:36:49Z,494735.7136,-3358,7,7,5,6,49.07214582,0.40150914
169,-3354-04-25T03:51:42Z,-3354-04-25T09:21:42Z,496123.6614,-3354,4,25,3,51,41.85908061,0.410236812
170,-3345-04-16T04:03:10Z,-3345-04-16T09:33:10Z,499401.6694,-3345,4,16,4,3,9.753423259,0.379961925
171,-3341-07-29T07:13:38Z,-3341-07-29T12:43:38Z,500966.8016,-3341,7,29,7,13,38.00098624,0.4908375
172,-3338-11-21T06:41:44Z,-3338-11-21T12:11:44Z,502177.7795,-3338,11,21,6,41,44.29066624,0.384678722
173,-3330-06-27T07:40:38Z,-3330-06-27T13:10:38Z,504952.8204,-3330,6,27,7,40,37.77189776,0.354444752
174,-3330-12-22T08:44:52Z,-3330-12-22T14:14:52Z,505130.865,-3330,12,22,8,44,52.00348668,0.486452323
175,-3326-10-09T08:57:55Z,-3326-10-09T14:27:55Z,506517.874,-3326,10,9,8,57,55.36555231,0.430880623
176,-3321-12-13T06:47:55Z,-3321-12-13T12:17:55Z,508408.7838,-3321,12,13,6,47,54.68487527,0.293708117
177,-3307-10-09T07:10:29Z,-3307-10-09T12:40:29Z,513457.7994,-3307,10,9,7,10,28.54626551,0.463195195
178,-3305-02-23T07:21:54Z,-3305-02-23T12:51:54Z,513959.8074,-3305,2,23,7,21,54.24112804,0.340787301
179,-3298-09-30T06:02:41Z,-3298-09-30T11:32:41Z,516735.7523,-3298,9,30,6,2,40.79445072,0.313087421
180,-3284-12-23T06:59:58Z,-3284-12-23T12:29:58Z,521933.7921,-3284,12,23,6,59,58.07539936,0.420995666
181,-3266-01-14T07:33:31Z,-3266-01-14T13:03:31Z,528164.8154,-3266,1,14,7,33,30.54547839,0.359893763
182,-3260-04-05T06:52:22Z,-3260-04-05T12:22:22Z,530437.7869,-3260,4,5,6,52,22.46517196,0.404131407
183,-3254-05-29T06:01:24Z,-3254-05-29T11:31:24Z,532682.7515,-3254,5,29,6,1,24.14427303,0.106399593
184,-3253-11-11T09:48:15Z,-3253-11-11T15:18:15Z,533213.909,-3253,11,11,9,48,15.03110871,0.475859183
185,-3251-03-27T04:29:13Z,-3251-03-27T09:59:13Z,533715.6874,-3251,3,27,4,29,13.48513462,0.131934877
186,-3244-11-01T08:37:54Z,-3244-11-01T14:07:54Z,536491.8601,-3244,11,1,8,37,53.94405641,0.410946145
187,-3232-09-20T08:10:24Z,-3232-09-20T13:40:24Z,540832.841,-3232,9,20,8,10,23.80727157,0.418371696
188,-3231-09-09T07:41:02Z,-3231-09-09T13:11:02Z,541186.8206,-3231,9,9,7,41,1.895092204,0.489766295
189,-3229-01-25T05:54:55Z,-3229-01-25T11:24:55Z,541689.747,-3229,1,25,5,54,55.19190677,0.345389276
190,-3206-05-08T03:02:11Z,-3206-05-08T08:32:11Z,550193.627,-3206,5,8,3,2,10.81573583,0.340995886
191,-3177-10-12T07:32:40Z,-3177-10-12T13:02:40Z,560942.8148,-3177,10,12,7,32,40.3314478,0.284232715
192,-3175-02-26T03:13:02Z,-3175-02-26T08:43:02Z,561445.6345,-3175,2,26,3,13,1.740177423,0.347451188
193,-3174-08-11T07:39:07Z,-3174-08-11T13:09:07Z,561976.8193,-3174,8,11,7,39,7.00342007,0.490667754
194,-3162-01-04T05:23:55Z,-3162-01-04T10:53:55Z,566140.7254,-3162,1,4,5,23,54.72126983,0.089867278
195,-3160-05-09T05:52:23Z,-3160-05-09T11:22:23Z,566996.7452,-3160,5,9,5,52,22.9814972,0.298538562
196,-3154-12-26T04:35:22Z,-3154-12-26T10:05:22Z,569418.6917,-3154,12,26,4,35,22.30308987,0.389981578
197,-3145-07-22T03:56:55Z,-3145-07-22T09:26:55Z,572548.665,-3145,7,22,3,56,55.27501792,0.30452601
198,-3134-06-20T06:43:56Z,-3134-06-20T12:13:56Z,576534.781,-3134,6,20,6,43,56.13030016,0.444819952
199,-3130-04-09T03:08:27Z,-3130-04-09T08:38:27Z,577923.6314,-3130,4,9,3,8,27.18377084,0.161591148
200,-3123-11-13T08:07:15Z,-3123-11-13T13:37:15Z,580698.8389,-3123,11,13,8,7,14.98503082,0.361936532
201,-3118-01-27T05:01:27Z,-3118-01-27T10:31:27Z,582234.7098,-3118,1,27,5,1,26.51767932,0.438563221
202,-3108-02-06T06:09:19Z,-3108-02-06T11:39:19Z,585896.757,-3108,2,6,6,9,18.83837901,0.379686102
203,-3106-06-11T03:59:02Z,-3106-06-11T09:29:02Z,586752.6665,-3106,6,11,3,59,2.469137907,0.278574155
204,-3099-01-27T05:40:32Z,-3099-01-27T11:10:32Z,589174.737,-3099,1,27,5,40,32.43271597,0.331045846
205,-3087-06-11T04:41:35Z,-3087-06-11T10:11:35Z,593692.696,-3087,6,11,4,41,35.40313818,0.387705954
206,-3080-07-22T04:51:35Z,-3080-07-22T10:21:35Z,596290.703,-3080,7,22,4,51,34.70648579,0.154631773
207,-3074-09-14T07:34:23Z,-3074-09-14T13:04:23Z,598535.816,-3074,9,14,7,34,23.3464694,0.467367239
208,-3060-12-06T04:29:58Z,-3060-12-06T09:59:58Z,603732.688,-3060,12,6,4,29,58.02555889,0.151766715
209,-3058-05-22T04:31:25Z,-3058-05-22T10:01:25Z,604264.689,-3058,5,22,4,31,25.15562341,0.173313571
210,-3054-03-10T05:38:54Z,-3054-03-10T11:08:54Z,605652.7358,-3054,3,10,5,38,53.66768137,0.467371042
211,-3047-10-15T04:08:08Z,-3047-10-15T09:38:08Z,608428.6728,-3047,10,15,4,8,8.06155175,0.350099859
212,-3045-03-01T05:27:15Z,-3045-03-01T10:57:15Z,608930.7277,-3045,3,1,5,27,14.74065363,0.424723604
213,-3033-07-14T03:19:02Z,-3033-07-14T08:49:02Z,613448.6387,-3033,7,14,3,19,1.959678009,0.195973571
214,-3026-08-24T04:29:23Z,-3026-08-24T09:59:23Z,616046.6876,-3026,8,24,4,29,22.79832087,0.331033718
215,-3020-10-16T07:48:03Z,-3020-10-16T13:18:03Z,618291.8255,-3020,10,16,7,48,3.104686439,0.427158982
216,-3007-08-24T03:31:47Z,-3007-08-24T09:01:47Z,622986.6476,-3007,8,24,3,31,47.43473545,0.431629199
217,-3005-01-08T04:50:05Z,-3005-01-08T10:20:05Z,623488.7019,-3005,1,8,4,50,5.300402641,0.16136702
218,-3000-04-11T04:07:21Z,-3000-04-11T09:37:21Z,625408.6723,-3000,4,11,4,7,20.66145681,0.259157154
219,-2993-05-23T03:44:02Z,-2993-05-23T09:14:02Z,628006.6561,-2993,5,23,3,44,1.938013583,0.418420629
220,-2993-11-17T05:04:18Z,-2993-11-17T10:34:18Z,628184.7118,-2993,11,17,5,4,18.48318189,0.054325053
221,-2991-04-02T04:01:17Z,-2991-04-02T09:31:17Z,628686.6681,-2991,4,2,4,1,17.43159235,0.457158214
222,-2953-09-26T05:09:56Z,-2953-09-26T10:39:56Z,642742.7157,-2953,9,26,5,9,55.87125331,0.205723212
223,-2951-02-09T04:07:52Z,-2951-02-09T09:37:52Z,643244.6726,-2951,2,9,4,7,51.71752453,0.250894278
224,-2939-12-19T05:30:47Z,-2939-12-19T11:00:47Z,647940.7302,-2939,12,19,5,30,47.00777829,0.314897976
225,-2931-07-25T03:23:51Z,-2931-07-25T08:53:51Z,650715.6421,-2931,7,25,3,23,51.48933873,0.404684311
226,-2925-09-17T03:39:39Z,-2925-09-17T09:09:39Z,652960.653,-2925,9,17,3,39,38.64841372,0.141671725
227,-2906-03-23T04:07:46Z,-2906-03-23T09:37:46Z,659722.6726,-2906,3,23,4,7,46.40855111,0.413869307
228,-2900-05-15T03:35:38Z,-2900-05-15T09:05:38Z,661967.6502,-2900,5,15,3,35,38.43963817,0.397179415
229,-2890-10-19T06:30:05Z,-2890-10-19T12:00:05Z,665776.7714,-2890,10,19,6,30,4.954955354,0.464558408
230,-2884-01-21T04:42:16Z,-2884-01-21T10:12:16Z,667696.6965,-2884,1,21,4,42,16.42207682,0.384071176
231,-2809-12-22T03:50:22Z,-2809-12-22T09:20:22Z,695425.6605,-2809,12,22,3,50,22.03874812,0.402431772
232,-2751-11-10T10:24:37Z,-2751-11-10T15:54:37Z,716568.9343,-2751,11,10,10,24,37.18569785,0.47316232
233,-2732-11-10T04:50:05Z,-2732-11-10T10:20:05Z,723508.7019,-2732,11,10,4,50,5.135145038,0.458065783
234,-2723-11-01T03:05:26Z,-2723-11-01T08:35:26Z,726786.6293,-2723,11,1,3,5,26.43591799,0.335291275
235,-2715-12-02T03:09:40Z,-2715-12-02T08:39:40Z,729739.6322,-2715,12,2,3,9,39.77878042,0.460302306
236,-2670-07-20T10:46:26Z,-2670-07-20T16:16:26Z,746040.9494,-2670,7,20,10,46,26.26109585,0.479414123
237,-2616-08-21T10:25:56Z,-2616-08-21T15:55:56Z,765796.9352,-2616,8,21,10,25,56.32601492,0.272730507
238,-2593-11-04T08:11:10Z,-2593-11-04T13:41:10Z,774271.8416,-2593,11,4,8,11,9.903128967,0.487772954
239,-2553-09-14T08:54:16Z,-2553-09-14T14:24:16Z,788830.8715,-2553,9,14,8,54,16.18169792,0.412854214
240,-2499-10-16T09:57:33Z,-2499-10-16T15:27:33Z,808586.9155,-2499,10,16,9,57,32.7749151,0.131374165
241,-2455-06-13T10:08:41Z,-2455-06-13T15:38:41Z,824532.9232,-2455,6,13,10,8,41.42777592,0.354010019
242,-2440-03-01T10:21:11Z,-2440-03-01T15:51:11Z,829907.9319,-2440,3,1,10,21,11.44725434,0.317620472
243,-2437-12-19T10:36:50Z,-2437-12-19T16:06:50Z,831295.9427,-2437,12,19,10,36,50.19648761,0.112298527
244,-2414-10-06T08:38:44Z,-2414-10-06T14:08:44Z,839622.8607,-2414,10,6,8,38,43.64814207,0.250230544
245,-2410-07-25T10:43:21Z,-2410-07-25T16:13:21Z,841010.9473,-2410,7,25,10,43,21.0776706,0.069839409
246,-2405-09-27T07:20:12Z,-2405-09-27T12:50:12Z,842900.8062,-2405,9,27,7,20,12.18063757,0.426226269
247,-2356-08-26T07:58:39Z,-2356-08-26T13:28:39Z,860766.8329,-2356,8,26,7,58,38.81841794,0.353897905
248,-2355-08-15T10:05:03Z,-2355-08-15T15:35:03Z,861120.9207,-2355,8,15,10,5,3.202355281,0.467826448
249,-2351-10-29T09:40:46Z,-2351-10-29T15:10:46Z,862656.9038,-2351,10,29,9,40,46.0285753,0.352605048
250,-2332-10-29T10:15:31Z,-2332-10-29T15:45:31Z,869596.9279,-2332,10,29,10,15,30.65797426,0.288109834
251,-2329-08-28T10:04:30Z,-2329-08-28T15:34:30Z,870629.9203,-2329,8,28,10,4,30.39574385,0.263493104
252,-2316-07-06T09:41:53Z,-2316-07-06T15:11:53Z,875325.9046,-2316,7,6,9,41,52.68073842,0.182538153
253,-2313-05-05T09:50:37Z,-2313-05-05T15:20:37Z,876358.9106,-2313,5,5,9,50,36.74485423,0.402450589
254,-2307-06-27T08:22:13Z,-2307-06-27T13:52:13Z,878603.8493,-2307,6,27,8,22,13.02766532,0.4284803
255,-2302-09-28T06:44:26Z,-2302-09-28T12:14:26Z,880522.7813,-2302,9,28,6,44,25.78416266,0.426772369
256,-2301-09-17T09:26:53Z,-2301-09-17T14:56:53Z,880876.8942,-2301,9,17,9,26,52.59326488,0.494411648
257,-2288-01-01T08:26:38Z,-2288-01-01T13:56:38Z,885365.8523,-2288,1,1,8,26,38.34986329,0.428694942
258,-2276-05-15T09:40:20Z,-2276-05-15T15:10:20Z,889883.9035,-2276,5,15,9,40,19.65961754,0.320585742
259,-2275-09-29T09:08:08Z,-2275-09-29T14:38:08Z,890385.8811,-2275,9,29,9,8,8.213535771,0.398518124
260,-2267-05-06T09:08:16Z,-2267-05-06T14:38:16Z,893161.8812,-2267,5,6,9,8,16.46897279,0.366204965
261,-2262-08-08T08:21:48Z,-2262-08-08T13:51:48Z,895081.849,-2262,8,8,8,21,48.06139559,0.334194321
262,-2248-10-30T06:38:02Z,-2248-10-30T12:08:02Z,900278.7769,-2248,10,30,6,38,1.9362849,0.378292507
263,-2238-10-10T06:54:38Z,-2238-10-10T12:24:38Z,903910.7884,-2238,10,10,6,54,38.49950753,0.468419889
264,-2234-02-02T08:51:19Z,-2234-02-02T14:21:19Z,905121.8695,-2234,2,2,8,51,18.94529253,0.377101868
265,-2227-03-16T08:53:50Z,-2227-03-16T14:23:50Z,907720.8712,-2227,3,16,8,53,49.53083664,0.295812074
266,-2225-08-19T07:00:20Z,-2225-08-19T12:30:20Z,908606.7924,-2225,8,19,7,0,19.52856705,0.49521404
267,-2208-09-09T08:08:03Z,-2208-09-09T13:38:03Z,914837.8394,-2208,9,9,8,8,3.261343092,0.294908556
268,-2198-08-20T09:41:46Z,-2198-08-20T15:11:46Z,918469.9045,-2198,8,20,9,41,45.94909117,0.427288707
269,-2194-12-02T06:57:35Z,-2194-12-02T12:27:35Z,920034.7905,-2194,12,2,6,57,34.89813834,0.380643339
270,-2187-01-24T07:22:17Z,-2187-01-24T12:52:17Z,922279.8076,-2187,1,24,7,22,17.2029528,0.476876028
271,-2184-11-11T08:36:36Z,-2184-11-11T14:06:36Z,923666.8592,-2184,11,11,8,36,36.23109028,0.017431267
272,-2182-04-27T08:46:10Z,-2182-04-27T14:16:10Z,924198.8659,-2182,4,27,8,46,10.20146325,0.480179271
273,-2171-09-20T05:47:32Z,-2171-09-20T11:17:32Z,928362.7418,-2171,9,20,5,47,31.67040378,0.484836746
274,-2161-03-07T07:57:41Z,-2161-03-07T13:27:41Z,931817.8322,-2161,3,7,7,57,40.96666977,0.449925028
275,-2155-04-28T10:28:31Z,-2155-04-28T15:58:31Z,934061.937,-2155,4,28,10,28,30.56658849,0.068866005
276,-2154-10-12T08:54:30Z,-2154-10-12T14:24:30Z,934593.8717,-2154,10,12,8,54,29.64454986,0.184623631
277,-2145-10-03T05:24:43Z,-2145-10-03T10:54:43Z,937871.726,-2145,10,3,5,24,42.72168338,0.48811857
278,-2144-09-21T08:12:21Z,-2144-09-21T13:42:21Z,938225.8424,-2144,9,21,8,12,20.82696475,0.217247841
279,-2139-01-03T06:50:34Z,-2139-01-03T12:20:34Z,939790.7856,-2139,1,3,6,50,33.84231515,0.487298989
280,-2130-12-14T10:25:32Z,-2130-12-14T15:55:32Z,943422.9349,-2130,12,14,10,25,32.38359801,0.41367217
281,-2110-06-09T09:44:48Z,-2110-06-09T15:14:48Z,950539.9066,-2110,6,9,9,44,48.17777485,0.204898873
282,-2100-11-13T10:14:33Z,-2100-11-13T15:44:33Z,954349.9273,-2100,11,13,10,14,33.1233336,0.481051458
283,-2095-08-21T06:13:47Z,-2095-08-21T11:43:47Z,956091.7601,-2095,8,21,6,13,46.68130361,0.337454099
284,-2090-10-24T07:48:01Z,-2090-10-24T13:18:01Z,957981.8255,-2090,10,24,7,48,0.642358214,0.02097183
285,-2083-12-05T08:15:29Z,-2083-12-05T13:45:29Z,960580.8446,-2083,12,5,8,15,29.18256149,0.485245232
286,-2055-06-30T08:47:39Z,-2055-06-30T14:17:39Z,970649.8669,-2055,6,30,8,47,38.89756233,0.261860523
287,-2051-09-13T05:48:55Z,-2051-09-13T11:18:55Z,972185.7428,-2051,9,13,5,48,54.89863873,0.463141167
288,-2041-09-23T07:22:42Z,-2041-09-23T12:52:42Z,975847.8079,-2041,9,23,7,22,42.46320605,0.242180602
289,-2036-11-25T07:50:08Z,-2036-11-25T13:20:08Z,977737.827,-2036,11,25,7,50,8.293908834,0.194171463
290,-2035-11-14T07:26:09Z,-2035-11-14T12:56:09Z,978091.8103,-2035,11,14,7,26,9.275461882,0.498423703
291,-2032-09-13T06:15:30Z,-2032-09-13T11:45:30Z,979125.7613,-2032,9,13,6,15,29.93655726,0.298031289
292,-2029-07-13T07:25:20Z,-2029-07-13T12:55:20Z,980158.8097,-2029,7,13,7,25,19.79870349,0.382557724
293,-2013-03-20T10:29:04Z,-2013-03-20T15:59:04Z,985887.9373,-2013,3,20,10,29,3.655204028,0.462385759
294,-2007-05-12T09:50:25Z,-2007-05-12T15:20:25Z,988132.9105,-2007,5,12,9,50,24.93575513,0.166109783
295,-2006-10-25T08:55:27Z,-2006-10-25T14:25:27Z,988663.8723,-2006,10,25,8,55,27.26458535,0.389017997
296,-2001-08-02T06:20:27Z,-2001-08-02T11:50:27Z,990405.7647,-2001,8,2,6,20,26.81354284,0.233415992
297,-1982-12-28T07:31:08Z,-1982-12-28T13:01:08Z,997493.8138,-1982,12,28,7,31,7.623350769,0.321651979
298,-1981-12-17T07:53:29Z,-1981-12-17T13:23:29Z,997847.8293,-1981,12,17,7,53,28.6311847,0.322189284
299,-1979-06-01T09:30:26Z,-1979-06-01T15:00:26Z,998379.8966,-1979,6,1,9,30,25.58244355,0.455755901
300,-1978-10-16T07:55:55Z,-1978-10-16T13:25:55Z,998881.831,-1978,10,16,7,55,54.80603054,0.255734445
301,-1967-03-21T10:55:52Z,-1967-03-21T16:25:52Z,1002690.956,-1967,3,21,10,55,51.59115158,0.396747666
302,-1962-06-23T08:23:34Z,-1962-06-23T13:53:34Z,1004610.85,-1962,6,23,8,23,33.61950338,0.436580406
303,-1953-06-14T06:34:07Z,-1953-06-14T12:04:07Z,1007888.774,-1953,6,14,6,34,7.362823784,0.434176351
304,-1947-09-03T05:25:44Z,-1947-09-03T10:55:44Z,1010161.727,-1947,9,3,5,25,43.67078952,0.214585865
305,-1937-02-19T10:11:14Z,-1937-02-19T15:41:14Z,1013617.925,-1937,2,19,10,11,14.15712252,0.39042479
306,-1926-01-18T07:40:45Z,-1926-01-18T13:10:45Z,1017603.82,-1926,1,18,7,40,44.51434761,0.262398129
307,-1922-05-02T09:24:12Z,-1922-05-02T14:54:12Z,1019168.892,-1922,5,2,9,24,11.72704831,0.272075123
308,-1916-12-18T05:15:16Z,-1916-12-18T10:45:16Z,1021590.719,-1916,12,18,5,15,16.01851098,0.432940304
309,-1913-04-23T09:13:34Z,-1913-04-23T14:43:34Z,1022446.885,-1913,4,23,9,13,33.93605992,0.181557719
310,-1898-07-05T07:38:09Z,-1898-07-05T13:08:09Z,1027998.819,-1898,7,5,7,38,8.70643191,0.263957945
311,-1893-10-06T06:00:40Z,-1893-10-06T11:30:40Z,1029917.751,-1893,10,6,6,0,39.66308199,0.121483864
312,-1884-09-26T03:35:23Z,-1884-09-26T09:05:23Z,1033195.65,-1884,9,26,3,35,22.56172188,0.415224808
313,-1883-03-23T07:14:51Z,-1883-03-23T12:44:51Z,1033373.802,-1883,3,23,7,14,50.66707268,0.323698668
314,-1882-03-12T08:20:41Z,-1882-03-12T13:50:41Z,1033727.848,-1882,3,12,8,20,40.99485129,0.376846519
315,-1876-10-27T08:03:57Z,-1876-10-27T13:33:57Z,1036148.837,-1876,10,27,8,3,57.22347021,0.407568655
316,-1872-02-20T06:23:14Z,-1872-02-20T11:53:14Z,1037359.767,-1872,2,20,6,23,13.50740835,0.335786622
317,-1868-06-03T07:12:41Z,-1868-06-03T12:42:41Z,1038924.801,-1868,6,3,7,12,40.71823016,0.467881209
318,-1861-01-20T07:04:12Z,-1861-01-20T12:34:12Z,1041346.795,-1861,1,20,7,4,11.99525021,0.058767759
319,-1859-05-25T07:13:40Z,-1859-05-25T12:43:40Z,1042202.802,-1859,5,25,7,13,40.26887275,0.313083238
320,-1855-03-13T10:09:10Z,-1855-03-13T15:39:10Z,1043590.924,-1855,3,13,10,9,9.64158386,0.398014545
321,-1849-06-04T07:53:03Z,-1849-06-04T13:23:03Z,1045864.829,-1849,6,4,7,53,2.629273832,0.184259083
322,-1844-08-06T03:55:15Z,-1844-08-06T09:25:15Z,1047754.664,-1844,8,6,3,55,15.3781347,0.422312502
323,-1840-05-25T08:00:09Z,-1840-05-25T13:30:09Z,1049142.834,-1840,5,25,8,0,8.896505088,0.432120883
324,-1830-10-29T05:19:09Z,-1830-10-29T10:49:09Z,1052951.722,-1830,10,29,5,19,9.209792912,0.280185727
325,-1822-11-29T08:45:17Z,-1822-11-29T14:15:17Z,1055904.865,-1822,11,29,8,45,16.83840528,0.46671609
326,-1810-04-24T10:14:55Z,-1810-04-24T15:44:55Z,1060068.928,-1810,4,24,10,14,54.52118576,0.460460461
327,-1807-02-21T07:41:41Z,-1807-02-21T13:11:41Z,1061102.821,-1807,2,21,7,41,41.43258646,0.257852553
328,-1799-09-17T07:05:35Z,-1799-09-17T12:35:35Z,1064232.796,-1799,9,17,7,5,35.30436382,0.328180187
329,-1796-01-22T04:45:08Z,-1796-01-22T10:15:08Z,1065089.698,-1796,1,22,4,45,7.582162321,0.467518049
330,-1795-07-06T06:17:57Z,-1795-07-06T11:47:57Z,1065620.763,-1795,7,6,6,17,56.91747397,0.079058435
331,-1788-02-22T06:57:50Z,-1788-02-22T12:27:50Z,1068042.791,-1788,2,22,6,57,50.00960335,0.484243301
332,-1786-06-27T06:07:23Z,-1786-06-27T11:37:23Z,1068898.756,-1786,6,27,6,7,22.94028506,0.262879917
333,-1757-12-01T07:33:25Z,-1757-12-01T13:03:25Z,1079647.815,-1757,12,1,7,33,25.30900508,0.352553822
334,-1755-05-15T09:50:29Z,-1755-05-15T15:20:29Z,1080178.911,-1755,5,15,9,50,29.24122363,0.473933539
335,-1746-05-06T07:48:50Z,-1746-05-06T13:18:50Z,1083456.826,-1746,5,6,7,48,50.38415238,0.321632561
336,-1746-10-31T05:04:50Z,-1746-10-31T10:34:50Z,1083634.712,-1746,10,31,5,4,49.60910439,0.446088642
337,-1745-10-20T06:27:34Z,-1745-10-20T11:57:34Z,1083988.77,-1745,10,20,6,27,33.80120873,0.32470139
338,-1741-08-08T05:31:09Z,-1741-08-08T11:01:09Z,1085376.73,-1741,8,8,5,31,9.389994442,0.19375785
339,-1734-03-26T05:36:22Z,-1734-03-26T11:06:22Z,1087798.734,-1734,3,26,5,36,21.80320635,0.394649027
340,-1732-07-29T04:50:25Z,-1732-07-29T10:20:25Z,1088654.702,-1732,7,29,4,50,25.02465695,0.18633542
341,-1729-05-28T07:34:21Z,-1729-05-28T13:04:21Z,1089687.816,-1729,5,28,7,34,21.48250848,0.48969836
342,-1701-06-17T06:24:09Z,-1701-06-17T11:54:09Z,1099934.767,-1701,6,17,6,24,8.742111772,0.051321994
343,-1692-06-07T04:42:30Z,-1692-06-07T10:12:30Z,1103212.697,-1692,6,7,4,42,29.57354441,0.375408549
344,-1692-12-02T05:56:22Z,-1692-12-02T11:26:22Z,1103390.748,-1692,12,2,5,56,22.31745511,0.212881362
345,-1691-11-21T06:26:58Z,-1691-11-21T11:56:58Z,1103744.769,-1691,11,21,6,26,58.38856637,0.447513771
346,-1687-09-09T05:51:51Z,-1687-09-09T11:21:51Z,1105132.745,-1687,9,9,5,51,50.92673242,0.257422755
347,-1678-08-31T04:34:03Z,-1678-08-31T10:04:03Z,1108410.691,-1678,8,31,4,34,3.322438002,0.134657156
348,-1670-04-07T06:23:36Z,-1670-04-07T11:53:36Z,1111186.767,-1670,4,7,6,23,35.97674936,0.221518341
349,-1653-04-29T08:02:24Z,-1653-04-29T13:32:24Z,1117417.835,-1653,4,29,8,2,24.30498406,0.411015576
350,-1647-07-19T03:51:25Z,-1647-07-19T09:21:25Z,1119690.661,-1647,7,19,3,51,24.8227568,0.39518073
351,-1641-09-11T06:14:36Z,-1641-09-11T11:44:36Z,1121935.761,-1641,9,11,6,14,35.93878135,0.450459925
352,-1637-01-04T06:12:40Z,-1637-01-04T11:42:40Z,1123146.759,-1637,1,4,6,12,40.09798944,0.202112956
353,-1637-12-24T06:17:50Z,-1637-12-24T11:47:50Z,1123500.763,-1637,12,24,6,17,50.00431493,0.475803108
354,-1625-05-19T05:46:20Z,-1625-05-19T11:16:20Z,1127664.741,-1625,5,19,5,46,19.84069884,0.237258755
355,-1624-10-02T05:23:09Z,-1624-10-02T10:53:09Z,1128166.725,-1624,10,2,5,23,9.124142379,0.480872224
356,-1598-05-20T07:53:42Z,-1598-05-20T13:23:42Z,1137527.829,-1598,5,20,7,53,42.18092009,0.340683381
357,-1587-10-13T06:07:40Z,-1587-10-13T11:37:40Z,1141691.756,-1587,10,13,6,7,40.40866747,0.353843327
358,-1583-02-05T05:11:18Z,-1583-02-05T10:41:18Z,1142902.717,-1583,2,5,5,11,17.80468538,0.304203288
359,-1582-01-25T05:12:06Z,-1582-01-25T10:42:06Z,1143256.717,-1582,1,25,5,12,5.990704447,0.385950099
360,-1553-07-01T07:23:26Z,-1553-07-01T12:53:26Z,1154005.808,-1553,7,1,7,23,26.22366071,0.455962407
361,-1533-11-15T06:40:48Z,-1533-11-15T12:10:48Z,1161447.779,-1533,11,15,6,40,48.07565734,0.463897298
362,-1507-01-06T05:48:42Z,-1507-01-06T11:18:42Z,1170631.743,-1507,1,6,5,48,41.73952684,0.419737282
363,-1499-08-02T03:26:05Z,-1499-08-02T08:56:05Z,1173761.644,-1499,8,2,3,26,4.892940223,0.389943612
364,-1498-07-22T03:54:21Z,-1498-07-22T09:24:21Z,1174115.663,-1498,7,22,3,54,20.95933914,0.295966368
365,-1488-01-07T04:23:51Z,-1488-01-07T09:53:51Z,1177571.684,-1488,1,7,4,23,51.02380782,0.337794325
366,-1485-10-25T04:35:03Z,-1485-10-25T10:05:03Z,1178958.691,-1485,10,25,4,35,2.594938874,0.181701719
367,-1472-08-03T05:13:05Z,-1472-08-03T10:43:05Z,1183624.718,-1472,8,3,5,13,4.743111581,0.471842586
368,-1457-10-16T03:14:18Z,-1457-10-16T08:44:18Z,1189176.635,-1457,10,16,3,14,18.16438571,0.087681792
369,-1456-04-10T05:45:57Z,-1456-04-10T11:15:57Z,1189353.741,-1456,4,10,5,45,57.26089776,0.412666654
370,-1434-02-08T04:51:49Z,-1434-02-08T10:21:49Z,1197327.703,-1434,2,8,4,51,48.60444903,0.173262676
371,-1432-06-13T06:01:50Z,-1432-06-13T11:31:50Z,1198183.752,-1432,6,13,6,1,50.33076346,0.283937485
372,-1424-01-19T06:47:50Z,-1424-01-19T12:17:50Z,1200959.784,-1424,1,19,6,47,49.74226981,0.4287816
373,-1417-08-25T04:33:58Z,-1417-08-25T10:03:58Z,1203734.691,-1417,8,25,4,33,57.53019422,0.27482129
374,-1401-05-02T08:02:51Z,-1401-05-02T13:32:51Z,1209463.836,-1401,5,2,8,2,50.99840194,0.489233779
375,-1392-04-22T06:35:53Z,-1392-04-22T12:05:53Z,1212741.775,-1392,4,22,6,35,52.60614753,0.262711117
376,-1384-11-17T04:32:33Z,-1384-11-17T10:02:33Z,1215872.69,-1384,11,17,4,32,33.41948569,0.458314432
377,-1380-03-12T03:47:02Z,-1380-03-12T09:17:02Z,1217083.658,-1380,3,12,3,47,2.094529867,0.232103047
378,-1378-07-16T04:00:42Z,-1378-07-16T09:30:42Z,1217939.668,-1378,7,16,4,0,42.39808694,0.285628379
379,-1370-02-20T05:00:02Z,-1370-02-20T10:30:02Z,1220715.709,-1370,2,20,5,0,2.28080973,0.175439178
380,-1369-02-09T04:52:45Z,-1369-02-09T10:22:45Z,1221069.704,-1369,2,9,4,52,44.5615384,0.429223746
381,-1363-09-26T03:55:30Z,-1363-09-26T09:25:30Z,1223490.664,-1363,9,26,3,55,30.40589467,0.25484861
382,-1347-06-03T04:59:23Z,-1347-06-03T10:29:23Z,1229219.708,-1347,6,3,4,59,23.03507611,0.380882322
383,-1341-07-27T03:56:24Z,-1341-07-27T09:26:24Z,1231464.665,-1341,7,27,3,56,23.62646699,0.297251925
384,-1338-05-25T03:56:47Z,-1338-05-25T09:26:47Z,1232497.665,-1338,5,25,3,56,47.42499009,0.225949482
385,-1328-06-03T03:09:29Z,-1328-06-03T08:39:29Z,1236159.632,-1328,6,3,3,9,28.50733683,0.428851332
386,-1325-04-03T06:14:45Z,-1325-04-03T11:44:45Z,1237193.761,-1325,4,3,6,14,45.1419501,0.290636679
387,-1298-04-04T08:14:25Z,-1298-04-04T13:44:25Z,1247056.844,-1298,4,4,8,14,25.14084488,0.487275467
388,-1244-05-06T03:24:42Z,-1244-05-06T08:54:42Z,1266812.643,-1244,5,6,3,24,41.7449905,0.326637278
389,-1243-04-25T04:53:01Z,-1243-04-25T10:23:01Z,1267166.704,-1243,4,25,4,53,1.315138936,0.468930787
390,-1198-06-06T04:01:39Z,-1198-06-06T09:31:39Z,1283644.668,-1198,6,6,4,1,39.3952632,0.207499652
391,-1181-01-02T04:44:00Z,-1181-01-02T10:14:00Z,1289698.698,-1181,1,2,4,43,59.96235207,0.422025099
392,-1156-02-24T04:41:36Z,-1156-02-24T10:11:36Z,1298882.696,-1156,2,24,4,41,35.61248124,0.457716881
393,-1122-05-08T04:20:01Z,-1122-05-08T09:50:01Z,1311374.681,-1122,5,8,4,20,1.189226657,0.369832463
394,-1117-07-10T03:29:10Z,-1117-07-10T08:59:10Z,1313263.646,-1117,7,10,3,29,9.901089817,0.246517253
395,-1041-06-11T04:18:14Z,-1041-06-11T09:48:14Z,1340993.68,-1041,6,11,4,18,14.310949,0.38345148
396,-1028-04-18T05:36:15Z,-1028-04-18T11:06:15Z,1345688.734,-1028,4,18,5,36,14.78431463,0.486258522
397,-1025-02-16T04:29:22Z,-1025-02-16T09:59:22Z,1346722.688,-1025,2,16,4,29,22.46071458,0.373882232
398,-1018-09-22T03:19:53Z,-1018-09-22T08:49:53Z,1349497.639,-1018,9,22,3,19,52.83748493,0.47393506
399,-984-05-11T03:50:02Z,-984-05-11T09:20:02Z,1361782.66,-984,5,11,3,50,2.145595104,0.477798217
400,-974-05-21T03:51:51Z,-974-05-21T09:21:51Z,1365444.661,-974,5,21,3,51,51.03599221,0.281618965
401,-965-05-12T04:08:14Z,-965-05-12T09:38:14Z,1368722.673,-965,5,12,4,8,13.73229146,0.414199252
402,-943-03-10T04:44:23Z,-943-03-10T10:14:23Z,1376695.698,-943,3,10,4,44,23.01340386,0.429667854
403,-921-01-08T03:42:30Z,-921-01-08T09:12:30Z,1384669.655,-921,1,8,3,42,30.244385,0.408459833
404,-898-04-21T05:03:20Z,-898-04-21T10:33:20Z,1393173.711,-898,4,21,5,3,19.87682104,0.42488593
405,-867-02-09T03:35:35Z,-867-02-09T09:05:35Z,1404425.65,-867,2,9,3,35,35.1707764,0.341425139
406,-754-07-16T10:40:15Z,-754-07-16T16:10:15Z,1445855.945,-754,7,16,10,40,15.02345949,0.449664601
407,-679-01-01T09:57:09Z,-679-01-01T15:27:09Z,1473053.915,-679,1,1,9,57,8.872892261,0.487244231
408,-625-02-03T09:43:47Z,-625-02-03T15:13:47Z,1492809.906,-625,2,3,9,43,47.16317922,0.36593497
409,-613-12-13T10:24:30Z,-613-12-13T15:54:30Z,1497505.934,-613,12,13,10,24,29.71470639,0.433123854
410,-574-05-09T10:44:36Z,-574-05-09T16:14:36Z,1511532.948,-574,5,9,10,44,35.69253445,0.162296662
411,-571-03-07T08:24:00Z,-571-03-07T13:54:00Z,1512565.85,-571,3,7,8,24,0.100550652,0.42863347
412,-551-08-20T10:58:53Z,-551-08-20T16:28:53Z,1520036.958,-551,8,20,10,58,53.05332363,0.491066718
413,-548-06-19T10:19:54Z,-548-06-19T15:49:54Z,1521070.931,-548,6,19,10,19,54.11823303,0.305398365
414,-526-04-18T08:44:07Z,-526-04-18T14:14:07Z,1529043.864,-526,4,18,8,44,7.158336639,0.407329622
415,-504-02-16T10:58:05Z,-504-02-16T16:28:05Z,1537017.957,-504,2,16,10,58,4.930148721,0.023294334
416,-487-09-01T10:37:14Z,-487-09-01T16:07:14Z,1543424.943,-487,9,1,10,37,14.26081091,0.309877845
417,-480-04-19T09:04:09Z,-480-04-19T14:34:09Z,1545846.878,-480,4,19,9,4,9.055760354,0.429806694
418,-465-07-02T10:31:59Z,-465-07-02T16:01:59Z,1551398.939,-465,7,2,10,31,59.29659694,0.239921734
419,-456-12-16T10:28:14Z,-456-12-16T15:58:14Z,1554853.937,-456,12,16,10,28,13.53990555,0.278886301
420,-450-03-20T09:05:27Z,-450-03-20T14:35:27Z,1556773.879,-450,3,20,9,5,26.69277638,0.267428218
421,-433-10-04T10:48:49Z,-433-10-04T16:18:49Z,1563180.951,-433,10,4,10,48,49.47588935,0.327054524
422,-368-04-11T08:54:29Z,-368-04-11T14:24:29Z,1586746.872,-368,4,11,8,54,29.31513101,0.27890246
423,-339-09-15T10:53:25Z,-339-09-15T16:23:25Z,1597495.954,-339,9,15,10,53,25.14904708,0.151933453
424,-335-12-28T09:19:50Z,-335-12-28T14:49:50Z,1599060.889,-335,12,28,9,19,49.63359967,0.462341897
425,-297-01-08T09:44:09Z,-297-01-08T15:14:09Z,1612585.906,-297,1,8,9,44,8.68991822,0.331514435
426,-285-10-18T09:40:43Z,-285-10-18T15:10:43Z,1617251.904,-285,10,18,9,40,42.85261184,0.377815062
427,-280-01-30T09:22:38Z,-280-01-30T14:52:38Z,1618816.891,-280,1,30,9,22,38.26058686,0.416964691
428,-252-07-16T09:39:59Z,-252-07-16T15:09:59Z,1629211.903,-252,7,16,9,39,59.46366996,0.426024353
429,-251-07-05T10:14:42Z,-251-07-05T15:44:42Z,1629565.927,-251,7,5,10,14,42.3195219,0.339931704
430,-243-02-09T10:43:00Z,-243-02-09T16:13:00Z,1632341.947,-243,2,9,10,42,59.84308451,0.371783571
431,-234-01-31T09:17:32Z,-234-01-31T14:47:32Z,1635619.888,-234,1,31,9,17,32.31599808,0.453377281
432,-231-11-19T09:24:57Z,-231-11-19T14:54:57Z,1637007.893,-231,11,19,9,24,56.75303623,0.391114231
433,-220-04-25T09:39:27Z,-220-04-25T15:09:27Z,1640817.903,-220,4,25,9,39,27.29826406,0.219433959
434,-189-03-14T10:38:29Z,-189-03-14T16:08:29Z,1652097.944,-189,3,14,10,38,28.73341039,0.45662259
435,-187-07-17T10:24:44Z,-187-07-17T15:54:44Z,1652953.934,-187,7,17,10,24,44.09292251,0.268174745
436,-180-03-04T09:48:21Z,-180-03-04T15:18:21Z,1655375.909,-180,3,4,9,48,21.38466507,0.185626664
437,-177-01-02T09:53:22Z,-177-01-02T15:23:22Z,1656409.913,-177,1,2,9,53,21.86134949,0.348731082
438,-177-12-22T09:27:09Z,-177-12-22T14:57:09Z,1656763.894,-177,12,22,9,27,8.613717109,0.329523119
439,-142-08-28T10:40:54Z,-142-08-28T16:10:54Z,1669431.946,-142,8,28,10,40,53.90568674,0.466895237
440,-135-04-15T09:34:03Z,-135-04-15T15:04:03Z,1671853.899,-135,4,15,9,34,3.444659561,0.332780079
441,-126-04-06T09:16:10Z,-126-04-06T14:46:10Z,1675131.887,-126,4,6,9,16,10.19228339,0.145376313
442,-123-02-03T09:23:51Z,-123-02-03T14:53:51Z,1676165.892,-123,2,3,9,23,50.77473789,0.436308946
443,-122-01-23T08:58:43Z,-122-01-23T14:28:43Z,1676519.875,-122,1,23,8,58,42.92918488,0.26477427
444,-107-04-06T10:02:17Z,-107-04-06T15:32:17Z,1682071.919,-107,4,6,10,2,16.98049486,0.490746853
445,-100-05-17T10:35:03Z,-100-05-17T16:05:03Z,1684669.941,-100,5,17,10,35,3.026399016,0.381124575
446,-092-12-12T09:52:28Z,-092-12-12T15:22:28Z,1687800.912,-92,12,12,9,52,27.76566625,0.116521226
447,-088-09-29T10:37:38Z,-088-09-29T16:07:38Z,1689187.943,-88,9,29,10,37,38.23024437,0.175704739
448,-081-05-18T07:50:26Z,-081-05-18T13:20:26Z,1691609.827,-81,5,18,7,50,26.41386688,0.419950852
449,-068-02-25T07:27:08Z,-068-02-25T12:57:08Z,1696275.811,-68,2,25,7,27,7.7096048,0.317590274
450,-053-05-09T08:39:20Z,-053-05-09T14:09:20Z,1701827.861,-53,5,9,8,39,19.59807783,0.257504266
451,-049-08-21T10:02:56Z,-049-08-21T15:32:56Z,1703392.919,-49,8,21,10,2,56.464127,0.184946718
452,-038-07-20T09:38:56Z,-038-07-20T15:08:56Z,1707378.903,-38,7,20,9,38,56.22307554,0.252350101
453,-028-01-05T09:26:53Z,-028-01-05T14:56:53Z,1710834.894,-28,1,5,9,26,52.60972023,0.218953414
454,-025-10-23T09:59:46Z,-025-10-23T15:29:46Z,1712221.917,-25,10,23,9,59,45.54146513,0.192901933
455,-024-04-18T08:41:41Z,-024-04-18T14:11:41Z,1712399.863,-24,4,18,8,41,40.66214874,0.450525768
456,-023-04-07T09:11:32Z,-023-04-07T14:41:32Z,1712753.883,-23,4,7,9,11,31.92088991,0.233843435
457,-013-03-18T09:58:56Z,-013-03-18T15:28:56Z,1716385.916,-13,3,18,9,58,56.21431366,0.486212009
458,0006-09-11T10:44:27Z,0006-09-11T16:14:27Z,1723502.948,6,9,11,10,44,27.13862792,0.221099101
459,0026-02-06T10:19:45Z,0026-02-06T15:49:45Z,1730590.931,26,2,6,10,19,44.61669534,0.27738471
460,0038-06-21T09:36:53Z,0038-06-21T15:06:53Z,1735108.901,38,6,21,9,36,53.12263682,0.354825132
461,0041-04-19T07:52:14Z,0041-04-19T13:22:14Z,1736141.828,41,4,19,7,52,14.03903246,0.338785803
462,0056-12-25T07:23:01Z,0056-12-25T12:53:01Z,1741870.808,56,12,25,7,23,0.636996031,0.493229236
463,0060-10-13T09:12:58Z,0060-10-13T14:42:58Z,1743258.884,60,10,13,9,12,58.09960172,0.257976924
464,0080-03-10T09:48:55Z,0080-03-10T15:18:55Z,1750346.909,80,3,10,9,48,54.92904156,0.323048234
465,0111-01-27T09:09:03Z,0111-01-27T14:39:03Z,1761626.882,111,1,27,9,9,3.465006351,0.160546603
466,0114-11-15T08:47:43Z,0114-11-15T14:17:43Z,1763014.867,114,11,15,8,47,42.59957403,0.286749578
467,0120-01-18T07:55:36Z,0120-01-18T13:25:36Z,1764904.831,120,1,18,7,55,35.57402864,0.243929307
468,0125-04-21T10:08:56Z,0125-04-21T15:38:56Z,1766824.923,125,4,21,10,8,56.21626943,0.355304806
469,0127-08-25T10:54:52Z,0127-08-25T16:24:52Z,1767680.955,127,8,25,10,54,51.60691649,0.44836436
470,0134-04-12T07:49:11Z,0134-04-12T13:19:11Z,1770102.826,134,4,12,7,49,10.52715316,0.460405531
471,0141-11-16T10:49:43Z,0141-11-16T16:19:43Z,1772877.952,141,11,16,10,49,43.07314441,0.233862757
472,0165-02-28T09:59:10Z,0165-02-28T15:29:10Z,1781382.917,165,2,28,9,59,10.30180514,0.326431153
473,0168-12-17T08:51:43Z,0168-12-17T14:21:43Z,1782770.87,168,12,17,8,51,42.79633999,0.243535605
474,0169-12-06T09:58:34Z,0169-12-06T15:28:34Z,1783124.916,169,12,6,9,58,34.07369748,0.395621551
475,0174-02-19T09:15:26Z,0174-02-19T14:45:26Z,1784660.886,174,2,19,9,15,25.59157982,0.25208869
476,0175-08-04T09:42:20Z,0175-08-04T15:12:20Z,1785191.905,175,8,4,9,42,19.81044441,0.402896656
477,0179-05-24T07:07:38Z,0179-05-24T12:37:38Z,1786580.797,179,5,24,7,7,37.74025172,0.376696821
478,0181-09-26T10:44:20Z,0181-09-26T16:14:20Z,1787436.948,181,9,26,10,44,19.99859422,0.351713733
479,0186-07-04T09:18:20Z,0186-07-04T14:48:20Z,1789178.888,186,7,4,9,18,20.25625303,0.090962439
480,0189-05-03T07:45:20Z,0189-05-03T13:15:20Z,1790212.824,189,5,3,7,45,19.61760297,0.206698683
481,0212-08-14T09:14:32Z,0212-08-14T14:44:32Z,1798716.886,212,8,14,9,14,31.8917504,0.205849536
482,0218-10-07T10:05:05Z,0218-10-07T15:35:05Z,1800961.921,218,10,7,10,5,5.007706583,0.296598385
483,0219-04-02T09:44:28Z,0219-04-02T15:14:28Z,1801138.906,219,4,2,9,44,27.70721599,0.281870996
484,0223-01-19T08:35:55Z,0223-01-19T14:05:55Z,1802526.859,223,1,19,8,35,55.1728338,0.235228727
485,0240-08-05T08:10:45Z,0240-08-05T13:40:45Z,1808934.841,240,8,5,8,10,44.6545735,0.298700662
486,0247-03-24T10:05:29Z,0247-03-24T15:35:29Z,1811356.921,247,3,24,10,5,29.12171781,0.387461938
487,0251-07-06T10:21:37Z,0251-07-06T15:51:37Z,1812921.932,251,7,6,10,21,37.40073457,0.336221067
488,0262-06-04T10:42:09Z,0262-06-04T16:12:09Z,1816907.946,262,6,4,10,42,9.354080558,0.385423758
489,0266-09-16T08:50:22Z,0266-09-16T14:20:22Z,1818472.869,266,9,16,8,50,22.29585126,0.232737659
490,0272-11-08T09:57:48Z,0272-11-08T15:27:48Z,1820717.916,272,11,8,9,57,47.74626821,0.377372405
491,0273-05-04T08:32:28Z,0273-05-04T14:02:28Z,1820894.856,273,5,4,8,32,28.09584394,0.078398435
492,0277-02-20T07:22:47Z,0277-02-20T12:52:47Z,1822282.808,277,2,20,7,22,46.87201336,0.310619144
493,0287-01-31T07:59:22Z,0287-01-31T13:29:22Z,1825914.833,287,1,31,7,59,21.90756261,0.44546567
494,0294-09-07T08:02:33Z,0294-09-07T13:32:33Z,1828690.836,294,9,7,8,2,33.22883427,0.36328632
495,0301-04-25T08:59:15Z,0301-04-25T14:29:15Z,1831112.875,301,4,25,8,59,15.39967865,0.23625129
496,0306-07-27T09:09:22Z,0306-07-27T14:39:22Z,1833031.882,306,7,27,9,9,22.49389127,0.26444983
497,0320-10-18T09:48:25Z,0320-10-18T15:18:25Z,1838228.909,320,10,18,9,48,25.08563071,0.454390924
498,0326-12-11T10:18:49Z,0326-12-11T15:48:49Z,1840473.93,326,12,11,10,18,49.26835343,0.455663032
499,0327-06-06T06:51:44Z,0327-06-06T12:21:44Z,1840650.786,327,6,6,6,51,44.11794484,0.49220471
500,0339-10-19T09:53:26Z,0339-10-19T15:23:26Z,1845168.913,339,10,19,9,53,25.567123,0.20544536
501,0341-03-04T07:54:09Z,0341-03-04T13:24:09Z,1845670.83,341,3,4,7,54,9.383267015,0.22952859
502,0348-10-09T09:03:49Z,0348-10-09T14:33:49Z,1848446.878,348,10,9,9,3,48.56603041,0.200001152
503,0354-01-11T07:46:00Z,0354-01-11T13:16:00Z,1850366.824,354,1,11,7,45,59.90686342,0.345041848
504,0371-02-02T10:12:37Z,0371-02-02T15:42:37Z,1856597.926,371,2,2,10,12,37.12016076,0.492042291
505,0380-01-24T07:04:35Z,0380-01-24T12:34:35Z,1859875.795,380,1,24,7,4,34.92279634,0.347432366
506,0381-01-12T10:25:56Z,0381-01-12T15:55:56Z,1860229.935,381,1,12,10,25,55.58374375,0.486577843
507,0383-11-11T10:25:34Z,0383-11-11T15:55:34Z,1861262.935,383,11,11,10,25,33.66173431,0.425759816
508,0386-04-15T08:24:24Z,0386-04-15T13:54:24Z,1862148.851,386,4,15,8,24,23.57010752,0.480667374
509,0388-08-18T10:30:54Z,0388-08-18T16:00:54Z,1863004.939,388,8,18,10,30,53.82113233,0.255899071
510,0392-06-07T07:47:17Z,0392-06-07T13:17:17Z,1864393.825,392,6,7,7,47,17.40060925,0.181156515
511,0395-04-06T06:49:07Z,0395-04-06T12:19:07Z,1865426.785,395,4,6,6,49,6.856234968,0.229116844
512,0403-05-07T08:04:19Z,0403-05-07T13:34:19Z,1868379.837,403,5,7,8,4,18.57776999,0.24183878
513,0408-02-13T07:13:54Z,0408-02-13T12:43:54Z,1870122.802,408,2,13,7,13,54.43923444,0.331076239
514,0425-03-06T09:59:59Z,0425-03-06T15:29:59Z,1876353.917,425,3,6,9,59,59.38544556,0.461724354
515,0434-02-25T06:52:24Z,0434-02-25T12:22:24Z,1879631.787,434,2,25,6,52,23.80338639,0.44945912
516,0435-02-14T09:33:43Z,0435-02-14T15:03:43Z,1879985.899,435,2,14,9,33,43.41791242,0.352759423
517,0442-09-20T09:09:32Z,0442-09-20T14:39:32Z,1882760.882,442,9,20,9,9,31.60760164,0.140608428
518,0462-03-17T05:14:58Z,0462-03-17T10:44:58Z,1889878.719,462,3,17,5,14,58.37512448,0.43671402
519,0464-07-20T10:42:35Z,0464-07-20T16:12:35Z,1890734.947,464,7,20,10,42,35.31447083,0.39130884
520,0479-04-08T08:17:53Z,0479-04-08T13:47:53Z,1896109.846,479,4,8,8,17,52.69041315,0.250672994
521,0484-01-14T08:25:13Z,0484-01-14T13:55:13Z,1897851.851,484,1,14,8,25,12.77929544,0.11776105
522,0489-03-18T07:18:41Z,0489-03-18T12:48:41Z,1899741.805,489,3,18,7,18,40.98354623,0.065587325
523,0493-01-04T07:11:54Z,0493-01-04T12:41:54Z,1901129.8,493,1,4,7,11,53.9290452,0.370954624
524,0496-10-22T09:18:30Z,0496-10-22T14:48:30Z,1902516.888,496,10,22,9,18,30.08394063,0.006345707
525,0512-06-29T10:33:06Z,0512-06-29T16:03:06Z,1908245.94,512,6,29,10,33,5.537597537,0.457238226
526,0518-08-22T07:29:57Z,0518-08-22T12:59:57Z,1910490.813,518,8,22,7,29,56.60038054,0.454841622
527,0519-08-11T08:21:42Z,0519-08-11T13:51:42Z,1910844.849,519,8,11,8,21,42.49248594,0.345566947
528,0534-04-29T08:22:09Z,0534-04-29T13:52:09Z,1916219.849,534,4,29,8,22,9.361943901,0.425620854
529,0540-06-20T10:16:20Z,0540-06-20T15:46:20Z,1918463.929,540,6,20,10,16,20.23876548,0.480917584
530,0547-02-06T08:58:51Z,0547-02-06T14:28:51Z,1920885.875,547,2,6,8,58,50.9653312,0.319393921
531,0550-11-24T10:32:59Z,0550-11-24T16:02:59Z,1922272.94,550,11,24,10,32,59.13978472,0.362374104
532,0563-10-03T10:01:15Z,0563-10-03T15:31:15Z,1926968.918,563,10,3,10,1,15.02538934,0.166463518
533,0566-08-01T08:41:45Z,0566-08-01T14:11:45Z,1928001.863,566,8,1,8,41,44.5092009,0.144951492
534,0577-12-25T06:47:41Z,0577-12-25T12:17:41Z,1932165.784,577,12,25,6,47,41.44589558,0.294427935
535,0594-07-23T08:47:01Z,0594-07-23T14:17:01Z,1938219.866,594,7,23,8,47,1.258961409,0.379605469
536,0606-06-11T09:54:48Z,0606-06-11T15:24:48Z,1942560.914,606,6,11,9,54,48.14205229,0.415992017
537,0613-07-23T08:00:35Z,0613-07-23T13:30:35Z,1945159.834,613,7,23,8,0,34.59731117,0.293355058
538,0616-05-21T08:06:39Z,0616-05-21T13:36:39Z,1946192.838,616,5,21,8,6,38.79495353,0.188900325
539,0617-11-04T09:39:13Z,0617-11-04T15:09:13Z,1946724.903,617,11,4,9,39,13.16309631,0.166975506
540,0620-09-02T07:56:55Z,0620-09-02T13:26:55Z,1947757.832,620,9,2,7,56,54.9101302,0.467755482
541,0632-01-27T07:52:23Z,0632-01-27T13:22:23Z,1951921.829,632,1,27,7,52,23.45941991,0.099453919
542,0639-09-03T08:22:50Z,0639-09-03T13:52:50Z,1954697.85,639,9,3,8,22,50.20887583,0.225556116
543,0641-01-17T05:17:41Z,0641-01-17T10:47:41Z,1955199.721,641,1,17,5,17,40.59440151,0.452898638
544,0648-08-24T08:03:22Z,0648-08-24T13:33:22Z,1957975.836,648,8,24,8,3,21.97240412,0.450360918
545,0653-06-01T08:08:32Z,0653-06-01T13:38:32Z,1959717.84,653,6,1,8,8,32.00588644,0.413989915
546,0667-08-25T06:26:49Z,0667-08-25T11:56:49Z,1964915.769,667,8,25,6,26,48.95490199,0.466181646
547,0671-12-07T09:56:05Z,0671-12-07T15:26:05Z,1966480.914,671,12,7,9,56,5.087018162,0.348653974
548,0686-02-28T08:07:10Z,0686-02-28T13:37:10Z,1971677.839,686,2,28,8,7,10.20208552,0.215968224
549,0692-04-22T09:12:11Z,0692-04-22T14:42:11Z,1973922.884,692,4,22,9,12,11.21771961,0.351733247
550,0693-10-05T09:08:02Z,0693-10-05T14:38:02Z,1974453.881,693,10,5,9,8,1.906780601,0.175467878
551,0695-02-19T06:11:14Z,0695-02-19T11:41:14Z,1974955.758,695,2,19,6,11,14.372866,0.187706886
552,0700-05-23T07:46:03Z,0700-05-23T13:16:03Z,1976875.824,700,5,23,7,46,3.4279266,0.178786037
553,0702-09-26T08:21:01Z,0702-09-26T13:51:01Z,1977731.848,702,9,26,8,21,0.950305313,0.331661129
554,0707-07-04T05:54:11Z,0707-07-04T11:24:11Z,1979473.746,707,7,4,5,54,10.83138496,0.496913244
555,0732-08-25T07:52:03Z,0732-08-25T13:22:03Z,1988657.828,732,8,25,7,52,3.468339443,0.496479321
556,0740-04-01T07:20:16Z,0740-04-01T12:50:16Z,1991433.806,740,4,1,7,20,16.39966518,0.061701675
557,0746-05-25T05:29:04Z,0746-05-25T10:59:04Z,1993678.729,746,5,25,5,29,3.718980253,0.438576057
558,0747-05-14T07:20:30Z,0747-05-14T12:50:30Z,1994032.806,747,5,14,7,20,30.41061312,0.485563392
559,0749-03-23T06:04:31Z,0749-03-23T11:34:31Z,1994711.754,749,3,23,6,4,31.18841037,0.365612615
560,0756-10-28T09:44:16Z,0756-10-28T15:14:16Z,1997487.906,756,10,28,9,44,15.92210591,0.270774509
561,0766-11-07T09:04:56Z,0766-11-07T14:34:56Z,2001149.879,766,11,7,9,4,56.27926201,0.402775959
562,0768-03-23T05:53:45Z,0768-03-23T11:23:45Z,2001651.746,768,3,23,5,53,44.61873293,0.456988076
563,0780-02-10T09:32:34Z,0780-02-10T15:02:34Z,2005992.898,780,2,10,9,32,33.5149321,0.497862878
564,0787-09-16T09:22:35Z,0787-09-16T14:52:35Z,2008767.891,787,9,16,9,22,35.17935231,0.248731674
565,0794-05-04T05:37:39Z,0794-05-04T11:07:39Z,2011189.735,794,5,4,5,37,39.00683105,0.358842286
566,0819-06-26T08:46:11Z,0819-06-26T14:16:11Z,2020373.866,819,6,26,8,46,11.10870034,0.242280964
567,0822-04-25T05:17:03Z,0822-04-25T10:47:03Z,2021407.721,822,4,25,5,17,3.132685572,0.389904114
568,0829-11-30T07:25:56Z,0829-11-30T12:55:56Z,2024183.81,829,11,30,7,25,56.47088438,0.497383289
569,0834-03-14T07:36:07Z,0834-03-14T13:06:07Z,2025748.817,834,3,14,7,36,7.396759987,0.151668205
570,0841-10-18T09:14:20Z,0841-10-18T14:44:20Z,2028523.885,841,10,18,9,14,20.20281762,0.448988982
571,0846-12-22T05:24:54Z,0846-12-22T10:54:54Z,2030414.726,846,12,22,5,24,54.16640103,0.495249608
572,0863-08-18T08:01:06Z,0863-08-18T13:31:06Z,2036497.835,863,8,18,8,1,6.202390194,0.135236317
573,0901-01-23T07:22:58Z,0901-01-23T12:52:58Z,2050170.808,901,1,23,7,22,57.75044963,0.264301301
574,0904-11-10T07:41:35Z,0904-11-10T13:11:35Z,2051557.821,904,11,10,7,41,34.9154824,0.410927615
575,0911-02-02T04:45:09Z,0911-02-02T10:15:09Z,2053832.699,911,2,2,4,45,9.209391475,0.497282531
576,0914-11-20T07:36:00Z,0914-11-20T13:06:00Z,2055219.817,914,11,20,7,35,59.93389562,0.181465392
577,0916-04-05T09:01:01Z,0916-04-05T14:31:01Z,2055721.876,916,4,5,9,1,1.411455274,0.499633874
578,0923-11-11T06:24:29Z,0923-11-11T11:54:29Z,2058497.767,923,11,11,6,24,28.56419295,0.450457729
579,0939-07-19T09:32:04Z,0939-07-19T15:02:04Z,2064226.898,939,7,19,9,32,3.513968289,0.413686642
580,0945-09-09T07:50:41Z,0945-09-09T13:20:41Z,2066470.827,945,9,9,7,50,40.81451297,0.09369745
581,0960-05-28T06:14:48Z,0960-05-28T11:44:48Z,2071845.761,960,5,28,6,14,47.96273544,0.27920884
582,0965-03-06T04:31:34Z,0965-03-06T10:01:34Z,2073588.689,965,3,6,4,31,33.79474372,0.468508339
583,0967-07-10T07:33:41Z,0967-07-10T13:03:41Z,2074444.816,967,7,10,7,33,40.65438554,0.074094607
584,0970-05-08T06:08:11Z,0970-05-08T11:38:11Z,2075477.756,970,5,8,6,8,11.21288583,0.446994147
585,0977-12-13T08:56:59Z,0977-12-13T14:26:59Z,2078253.873,977,12,13,8,56,59.46877241,0.479753525
586,0992-03-07T08:28:55Z,0992-03-07T13:58:55Z,2083451.854,992,3,7,8,28,54.98855084,0.383313379
587,0993-08-20T08:35:58Z,0993-08-20T14:05:58Z,2083982.859,993,8,20,8,35,58.11962932,0.227773159
588,0999-10-12T06:17:14Z,0999-10-12T11:47:14Z,2086226.762,999,10,12,6,17,14.28173661,0.390784195
589,1007-05-19T08:24:27Z,1007-05-19T13:54:27Z,2089002.851,1007,5,19,8,24,26.86779633,0.30022151
590,1046-04-09T06:14:04Z,1046-04-09T11:44:04Z,2103207.76,1046,4,9,6,14,4.122116268,0.186540936
591,1053-11-13T06:05:18Z,1053-11-13T11:35:18Z,2105982.754,1053,11,13,6,5,17.77582616,0.357524207
592,1054-05-10T07:40:16Z,1054-05-10T13:10:16Z,2106160.82,1054,5,10,7,40,15.7662034,0.220005248
593,1059-02-15T05:33:18Z,1059-02-15T11:03:18Z,2107902.732,1059,2,15,5,33,18.38454723,0.215709967
594,1061-06-20T06:25:29Z,1061-06-20T11:55:29Z,2108758.768,1061,6,20,6,25,28.53345126,0.254486692
595,1068-02-06T04:48:48Z,1068-02-06T10:18:48Z,2111180.701,1068,2,6,4,48,47.92995125,0.455898987
596,1087-08-01T09:00:25Z,1087-08-01T14:30:25Z,2118296.876,1087,8,1,9,0,24.73782599,0.32437026
597,1091-05-21T06:21:46Z,1091-05-21T11:51:46Z,2119685.766,1091,5,21,6,21,46.08360171,0.452373725
598,1094-03-19T06:29:04Z,1094-03-19T11:59:04Z,2120718.771,1094,3,19,6,29,3.951795995,0.421217475
599,1107-12-16T06:41:52Z,1107-12-16T12:11:52Z,2125738.78,1107,12,16,6,41,52.48454154,0.141958286
600,1113-03-19T06:18:06Z,1113-03-19T11:48:06Z,2127658.763,1113,3,19,6,18,5.793708265,0.243147679
601,1120-10-24T06:17:18Z,1120-10-24T11:47:18Z,2130434.763,1120,10,24,6,17,17.99481243,0.38278845
602,1122-03-10T05:55:36Z,1122-03-10T11:25:36Z,2130936.747,1122,3,10,5,55,35.88873893,0.093080431
603,1135-01-16T03:52:34Z,1135-01-16T09:22:34Z,2135631.662,1135,1,16,3,52,33.54322493,0.489486283
604,1141-09-02T07:08:23Z,1141-09-02T12:38:23Z,2138052.798,1141,9,2,7,8,23.01198363,0.412609413
605,1162-01-17T07:23:38Z,1162-01-17T12:53:38Z,2145494.809,1162,1,17,7,23,38.2403326,0.166441657
606,1163-07-03T08:39:35Z,1163-07-03T14:09:35Z,2146026.861,1163,7,3,8,39,35.26039481,0.294787117
607,1167-04-21T05:57:34Z,1167-04-21T11:27:34Z,2147414.749,1167,4,21,5,57,33.61998528,0.297783587
608,1173-06-12T05:17:59Z,1173-06-12T10:47:59Z,2149658.721,1173,6,12,5,17,59.48846519,0.428211483
609,1174-11-26T07:16:29Z,1174-11-26T12:46:29Z,2150190.804,1174,11,26,7,16,29.06965703,0.075683985
610,1176-04-11T05:52:12Z,1176-04-11T11:22:12Z,2150692.745,1176,4,11,5,52,12.0324719,0.351297911
611,1189-02-17T03:36:03Z,1189-02-17T09:06:03Z,2155387.651,1189,2,17,3,36,2.582194805,0.437256999
612,1216-02-19T07:28:49Z,1216-02-19T12:58:49Z,2165250.812,1216,2,19,7,28,49.36083376,0.309315681
613,1221-05-23T04:42:12Z,1221-05-23T10:12:12Z,2167170.696,1221,5,23,4,42,11.75720572,0.496844001
614,1228-07-03T06:15:15Z,1228-07-03T11:45:15Z,2169768.761,1228,7,3,6,15,15.36956728,0.32711394
615,1228-12-28T08:30:00Z,1228-12-28T14:00:00Z,2169946.855,1228,12,28,8,30,0.323823094,0.343911106
616,1245-07-25T07:21:10Z,1245-07-25T12:51:10Z,2175999.807,1245,7,25,7,21,9.787667692,0.48550833
617,1260-04-12T06:49:39Z,1260-04-12T12:19:39Z,2181374.785,1260,4,12,6,49,38.60355824,0.463346614
618,1268-11-06T06:23:17Z,1268-11-06T11:53:17Z,2184504.767,1268,11,6,6,23,17.15263098,0.363156866
619,1270-03-23T06:33:57Z,1270-03-23T12:03:57Z,2185006.774,1270,3,23,6,33,56.5146026,0.407776367
620,1287-11-07T06:59:48Z,1287-11-07T12:29:48Z,2191444.792,1287,11,7,6,59,48.24056536,0.474941631
621,1290-09-05T08:23:36Z,1290-09-05T13:53:36Z,2192477.85,1290,9,5,8,23,35.50000012,0.10253701
622,1292-01-21T04:48:55Z,1292-01-21T10:18:55Z,2192980.701,1292,1,21,4,48,54.95103568,0.308143878
623,1304-06-04T06:13:02Z,1304-06-04T11:43:02Z,2197498.76,1304,6,4,6,13,1.893566251,0.433738864
624,1315-05-04T06:58:48Z,1315-05-04T12:28:48Z,2201484.791,1315,5,4,6,58,48.0911833,0.161934452
625,1321-06-26T06:46:40Z,1321-06-26T12:16:40Z,2203729.783,1321,6,26,6,46,39.83333498,0.447103439
626,1322-12-09T08:49:15Z,1322-12-09T14:19:15Z,2204260.868,1322,12,9,8,49,14.99983728,0.483384142
627,1331-11-30T07:45:59Z,1331-11-30T13:15:59Z,2207538.824,1331,11,30,7,45,58.80019069,0.131764056
628,1344-10-07T06:31:50Z,1344-10-07T12:01:50Z,2212233.773,1344,10,7,6,31,49.65260714,0.29761537
629,1346-02-22T04:23:34Z,1346-02-22T09:53:34Z,2212736.684,1346,2,22,4,23,33.52702081,0.324769199
630,1371-10-09T09:43:01Z,1371-10-09T15:13:01Z,2222096.905,1371,10,9,9,43,1.29889369,0.440424484
631,1376-07-17T08:12:40Z,1376-07-17T13:42:40Z,2223839.843,1376,7,17,8,12,40.18563062,0.253188494
632,1391-04-05T06:53:09Z,1391-04-05T12:23:09Z,2229214.787,1391,4,5,6,53,9.338001609,0.159706879
633,1398-11-09T06:04:38Z,1398-11-09T11:34:38Z,2231989.754,1398,11,9,6,4,37.92015821,0.441403905
634,1413-02-01T04:51:34Z,1413-02-01T10:21:34Z,2237187.703,1413,2,1,4,51,34.0509975,0.451214995
635,1415-06-07T07:16:45Z,1415-06-07T12:46:45Z,2238043.804,1415,6,7,7,16,45.14070243,0.495300887
636,1422-01-23T03:56:31Z,1422-01-23T09:26:31Z,2240465.665,1422,1,23,3,56,30.556705,0.484224524
637,1432-02-02T04:45:13Z,1432-02-02T10:15:13Z,2244127.699,1432,2,2,4,45,12.59372234,0.457901532
638,1434-06-07T08:06:10Z,1434-06-07T13:36:10Z,2244983.838,1434,6,7,8,6,10.10365874,0.333144659
639,1441-07-18T07:55:11Z,1441-07-18T13:25:11Z,2247581.83,1441,7,18,7,55,11.06551141,0.43055946
640,1447-09-10T08:29:45Z,1447-09-10T13:59:45Z,2249826.854,1447,9,10,8,29,45.39588153,0.472953238
641,1452-12-11T06:35:36Z,1452-12-11T12:05:36Z,2251745.775,1452,12,11,6,35,35.99505275,0.450412704
642,1467-03-06T06:14:27Z,1467-03-06T11:44:27Z,2256943.761,1467,3,6,6,14,26.54810607,0.200445494
643,1473-04-27T06:24:38Z,1473-04-27T11:54:38Z,2259187.768,1473,4,27,6,24,38.34804654,0.261723417
644,1476-02-25T05:35:53Z,1476-02-25T11:05:53Z,2260221.734,1476,2,25,5,35,53.22784334,0.327832003
645,1486-03-06T05:40:59Z,1486-03-06T11:10:59Z,2263883.737,1486,3,6,5,40,59.09361541,0.473259036
646,1488-07-09T06:19:24Z,1488-07-09T11:49:24Z,2264739.764,1488,7,9,6,19,23.93780261,0.199140852
647,1489-12-22T07:15:20Z,1489-12-22T12:45:20Z,2265270.803,1489,12,22,7,15,19.96204555,0.219262673
648,1502-10-01T08:30:21Z,1502-10-01T14:00:21Z,2269936.855,1502,10,1,8,30,21.47426158,0.212299299
649,1507-01-13T07:23:37Z,1507-01-13T12:53:37Z,2271501.809,1507,1,13,7,23,36.75918996,0.4472303
650,1517-06-19T05:40:41Z,1517-06-19T11:10:41Z,2275311.737,1517,6,19,5,40,40.61851948,0.3231375
651,1521-04-07T06:28:32Z,1521-04-07T11:58:32Z,2276699.77,1521,4,7,6,28,32.07878441,0.111613488
652,1528-05-18T08:21:23Z,1528-05-18T13:51:23Z,2279297.849,1528,5,18,8,21,23.19953084,0.36308303
653,1553-01-14T07:23:37Z,1553-01-14T12:53:37Z,2288304.809,1553,1,14,7,23,36.68918431,0.369365452
654,1555-11-14T07:05:07Z,1555-11-14T12:35:07Z,2289338.796,1555,11,14,7,5,6.612767279,0.452529375
655,1556-11-02T07:15:14Z,1556-11-02T12:45:14Z,2289692.803,1556,11,2,7,15,13.82339448,0.160804759
656,1561-02-14T07:42:11Z,1561-02-14T13:12:11Z,2291257.821,1561,2,14,7,42,10.86640388,0.425797935
657,1575-05-10T05:35:19Z,1575-05-10T11:05:19Z,2296455.733,1575,5,10,5,35,19.46496069,0.309065685
658,1582-06-20T05:28:14Z,1582-06-20T10:58:14Z,2299053.728,1582,6,20,5,28,14.2370519,0.34317243
659,1583-12-14T04:59:55Z,1583-12-14T10:29:55Z,2299585.709,1583,12,14,4,59,54.8844105,0.452860173
660,1590-07-31T08:21:45Z,1590-07-31T13:51:45Z,2302006.849,1590,7,31,8,21,45.11009395,0.224096021
661,1604-04-29T07:09:05Z,1604-04-29T12:39:05Z,2307027.798,1604,4,29,7,9,4.623868167,0.371136563
662,1609-12-26T07:28:45Z,1609-12-26T12:58:45Z,2309094.812,1609,12,26,7,28,45.33526719,0.47312826
663,1610-12-15T06:59:20Z,1610-12-15T12:29:20Z,2309448.792,1610,12,15,6,59,20.20144969,0.161238004
664,1615-03-29T07:05:02Z,1615-03-29T12:35:02Z,2311013.796,1615,3,29,7,5,1.590102911,0.305680072
665,1638-01-15T05:02:55Z,1638-01-15T10:32:55Z,2319341.711,1638,1,15,5,2,55.05309731,0.294025321
666,1641-11-03T05:47:57Z,1641-11-03T11:17:57Z,2320729.742,1641,11,3,5,47,56.70068443,0.43098871
667,1665-01-16T07:04:10Z,1665-01-16T12:34:10Z,2329204.795,1665,1,16,7,4,9.868194759,0.168087795
668,1666-07-02T07:47:38Z,1666-07-02T13:17:38Z,2329736.825,1666,7,2,7,47,37.61981159,0.365831813
669,1669-04-30T05:25:55Z,1669-04-30T10:55:55Z,2330769.727,1669,4,30,5,25,54.975003,0.414697328
670,1692-02-17T04:37:23Z,1692-02-17T10:07:23Z,2339097.693,1692,2,17,4,37,22.93483347,0.271964401
671,1695-12-06T07:30:53Z,1695-12-06T13:00:53Z,2340485.814,1695,12,6,7,30,52.8761968,0.104131681
672,1699-09-23T10:23:43Z,1699-09-23T15:53:43Z,2341872.934,1699,9,23,10,23,43.45816791,0.438164506
673,1704-11-27T05:26:40Z,1704-11-27T10:56:40Z,2343763.727,1704,11,27,5,26,39.68946576,0.407612656
674,1708-09-14T08:53:23Z,1708-09-14T14:23:23Z,2345150.871,1708,9,14,8,53,23.34047377,0.24361592
675,1719-02-19T06:44:49Z,1719-02-19T12:14:49Z,2348960.782,1719,2,19,6,44,48.84600699,0.142434231
676,1731-07-04T05:50:20Z,1731-07-04T11:20:20Z,2353478.744,1731,7,4,5,50,20.07637024,0.477262806
677,1746-03-22T03:12:03Z,1746-03-22T08:42:03Z,2358853.634,1746,3,22,3,12,3.128083348,0.432182794
678,1758-12-30T07:12:41Z,1758-12-30T12:42:41Z,2363519.801,1758,12,30,7,12,40.64164639,0.143705893
679,1760-06-13T08:13:13Z,1760-06-13T13:43:13Z,2364050.843,1760,6,13,8,13,12.79402345,0.419660812
680,1762-10-17T08:52:29Z,1762-10-17T14:22:29Z,2364906.87,1762,10,17,8,52,28.70355427,0.223153863
681,1773-03-23T05:27:50Z,1773-03-23T10:57:50Z,2368716.728,1773,3,23,5,27,50.20994425,0.22137533
682,1788-06-04T08:56:57Z,1788-06-04T14:26:57Z,2374268.873,1788,6,4,8,56,57.39085168,0.492987254
683,1802-08-28T07:03:00Z,1802-08-28T12:33:00Z,2379465.794,1802,8,28,7,2,59.95600104,0.401611733
684,1803-08-17T08:25:06Z,1803-08-17T13:55:06Z,2379819.851,1803,8,17,8,25,6.447404623,0.410671542
685,1814-07-17T06:32:09Z,1814-07-17T12:02:09Z,2383806.773,1814,7,17,6,32,9.411944747,0.137137942
686,1817-05-16T06:55:48Z,1817-05-16T12:25:48Z,2384840.789,1817,5,16,6,55,47.65631407,0.352835801
687,1818-05-05T07:22:15Z,1818-05-05T12:52:15Z,2385194.808,1818,5,5,7,22,15.32221466,0.369187618
688,1840-03-04T04:05:33Z,1840-03-04T09:35:33Z,2393168.671,1840,3,4,4,5,33.05128813,0.353239357
689,1842-07-08T07:01:32Z,1842-07-08T12:31:32Z,2394024.793,1842,7,8,7,1,31.84209555,0.351709134
690,1843-12-21T05:08:56Z,1843-12-21T10:38:56Z,2394555.715,1843,12,21,5,8,56.41243279,0.453102867
691,1847-10-09T09:07:17Z,1847-10-09T14:37:17Z,2395943.881,1847,10,9,9,7,17.33623177,0.266237754
692,1857-09-18T05:33:53Z,1857-09-18T11:03:53Z,2399575.732,1857,9,18,5,33,52.90550262,0.429503328
693,1882-05-17T07:32:56Z,1882-05-17T13:02:56Z,2408582.815,1882,5,17,7,32,55.92811435,0.270189771
694,1894-04-06T03:59:53Z,1894-04-06T09:29:53Z,2412924.667,1894,4,6,3,59,53.43385845,0.387125198
695,1898-01-22T07:24:30Z,1898-01-22T12:54:30Z,2414311.809,1898,1,22,7,24,30.45944184,0.323886924
696,1901-11-11T07:34:05Z,1901-11-11T13:04:05Z,2415699.816,1901,11,11,7,34,4.901105762,0.250558277
697,1902-10-31T08:13:33Z,1902-10-31T13:43:33Z,2416053.843,1902,10,31,8,13,32.53875643,0.39537811
698,1904-03-17T05:39:11Z,1904-03-17T11:09:11Z,2416556.736,1904,3,17,5,39,11.25927776,0.431526706
699,1907-01-14T05:56:57Z,1907-01-14T11:26:57Z,2417589.748,1907,1,14,5,56,57.49219894,0.136268477
700,1928-11-12T09:35:38Z,1928-11-12T15:05:38Z,2425562.9,1928,11,12,9,35,37.8605023,0.451061404
701,1933-08-21T05:48:12Z,1933-08-21T11:18:12Z,2427305.742,1933,8,21,5,48,11.63936824,0.346595654
702,1944-07-20T05:42:51Z,1944-07-20T11:12:51Z,2431291.739,1944,7,20,5,42,50.94486952,0.324329128
703,1955-12-14T07:07:34Z,1955-12-14T12:37:34Z,2435455.797,1955,12,14,7,7,34.07662243,0.33606229
704,1956-12-02T08:13:02Z,1956-12-02T13:43:02Z,2435809.843,1956,12,2,8,13,2.314418256,0.343750776
